-- MySQL dump 10.13  Distrib 8.0.22, for Win64 (x86_64)
--
-- Host: localhost    Database: vk
-- ------------------------------------------------------
-- Server version	8.0.22

/*!40101 SET @OLD_CHARACTER_SET_CLIENT=@@CHARACTER_SET_CLIENT */;
/*!40101 SET @OLD_CHARACTER_SET_RESULTS=@@CHARACTER_SET_RESULTS */;
/*!40101 SET @OLD_COLLATION_CONNECTION=@@COLLATION_CONNECTION */;
/*!50503 SET NAMES utf8mb4 */;
/*!40103 SET @OLD_TIME_ZONE=@@TIME_ZONE */;
/*!40103 SET TIME_ZONE='+00:00' */;
/*!40014 SET @OLD_UNIQUE_CHECKS=@@UNIQUE_CHECKS, UNIQUE_CHECKS=0 */;
/*!40014 SET @OLD_FOREIGN_KEY_CHECKS=@@FOREIGN_KEY_CHECKS, FOREIGN_KEY_CHECKS=0 */;
/*!40101 SET @OLD_SQL_MODE=@@SQL_MODE, SQL_MODE='NO_AUTO_VALUE_ON_ZERO' */;
/*!40111 SET @OLD_SQL_NOTES=@@SQL_NOTES, SQL_NOTES=0 */;

--
-- Table structure for table `communities`
--

DROP TABLE IF EXISTS `communities`;
/*!40101 SET @saved_cs_client     = @@character_set_client */;
/*!50503 SET character_set_client = utf8mb4 */;
CREATE TABLE `communities` (
  `id` int unsigned NOT NULL AUTO_INCREMENT COMMENT '╨Ш╨┤╨╡╨╜╤В╨╕╤Д╨╕╨║╨░╤В╨╛╤А ╤Б╤А╨╛╨║╨╕',
  `name` varchar(150) CHARACTER SET utf8 COLLATE utf8_unicode_ci NOT NULL COMMENT '╨Э╨░╨╖╨▓╨░╨╜╨╕╨╡ ╨│╤А╤Г╨┐╨┐╤Л',
  `created_at` datetime DEFAULT CURRENT_TIMESTAMP COMMENT '╨Т╤А╨╡╨╝╤П ╤Б╨╛╨╖╨┤╨░╨╜╨╕╤П ╤Б╤В╤А╨╛╨║╨╕',
  `updated_at` datetime DEFAULT CURRENT_TIMESTAMP ON UPDATE CURRENT_TIMESTAMP COMMENT '╨Т╤А╨╡╨╝╤П ╨╛╨▒╨╜╨╛╨▓╨╗╨╡╨╜╨╕╤П ╤Б╤В╤А╨╛╨║╨╕',
  PRIMARY KEY (`id`),
  UNIQUE KEY `name` (`name`)
) ENGINE=InnoDB AUTO_INCREMENT=101 DEFAULT CHARSET=utf8 COLLATE=utf8_unicode_ci COMMENT='╨У╤А╤Г╨┐╨┐╤Л';
/*!40101 SET character_set_client = @saved_cs_client */;

--
-- Dumping data for table `communities`
--

LOCK TABLES `communities` WRITE;
/*!40000 ALTER TABLE `communities` DISABLE KEYS */;
INSERT INTO `communities` VALUES (1,'voluptate','2001-07-09 05:48:42','2020-12-27 01:30:07'),(2,'quibusdam','2014-01-31 02:34:20','2020-12-27 01:30:07'),(3,'quasi','2020-04-22 22:34:49','2020-12-27 01:30:07'),(4,'aperiam','2018-08-30 13:46:01','2020-12-27 01:30:07'),(5,'velit','2016-02-22 03:55:39','2020-12-27 01:30:07'),(6,'et','1976-05-16 22:04:29','1978-02-21 00:36:31'),(7,'impedit','1999-06-13 23:11:14','2020-12-27 01:30:07'),(8,'ratione','2014-09-14 05:55:11','2020-12-27 01:30:07'),(9,'fugiat','2002-11-24 14:28:19','2019-01-01 02:18:41'),(10,'qui','1991-06-09 17:12:40','2002-09-18 00:05:43'),(11,'nam','2006-05-16 09:04:17','2019-07-10 03:45:58'),(12,'molestiae','2008-10-07 20:22:40','2020-12-27 01:30:07'),(13,'commodi','1987-07-20 10:14:46','2020-12-27 01:30:07'),(14,'deleniti','2002-11-10 17:13:36','2012-11-10 00:25:38'),(15,'a','1981-10-02 23:34:58','1999-10-09 15:56:25'),(16,'maiores','1980-08-31 12:59:09','1980-10-04 22:09:34'),(17,'omnis','2011-12-16 12:26:44','2020-12-27 01:30:07'),(18,'libero','2008-03-13 04:14:28','2020-12-27 01:30:07'),(19,'officia','2019-12-09 11:56:08','2020-12-27 01:30:07'),(20,'veritatis','2016-12-28 12:57:31','2020-12-27 01:30:07'),(21,'similique','1981-11-14 18:34:24','1991-07-09 10:50:44'),(22,'ab','2005-11-23 14:48:45','2020-12-27 01:30:07'),(23,'dolore','2014-10-24 22:57:42','2015-09-10 00:50:52'),(24,'ut','1988-08-23 12:11:34','2020-12-27 01:30:07'),(25,'soluta','2015-03-21 17:19:56','2020-12-27 01:30:07'),(26,'aut','1989-03-02 13:46:51','2019-05-24 17:10:06'),(27,'nihil','1985-03-12 03:06:39','2020-12-27 01:30:07'),(28,'vel','2002-04-11 00:15:35','2020-12-27 01:30:07'),(29,'minima','2011-03-09 19:30:48','2020-12-27 01:30:07'),(30,'sequi','1991-09-16 02:52:13','2020-12-27 01:30:07'),(31,'eaque','1988-08-02 03:47:09','2020-12-27 01:30:07'),(32,'illum','1986-03-09 18:50:04','2014-02-25 19:20:55'),(33,'consequatur','1986-09-07 12:33:46','2020-12-27 01:30:07'),(34,'quos','1974-11-30 04:34:46','1978-06-18 08:46:52'),(35,'nesciunt','1981-06-28 22:29:24','1983-02-11 06:38:33'),(36,'harum','1997-02-02 19:01:56','2009-09-08 16:44:49'),(37,'inventore','2010-08-23 16:59:26','2017-10-14 13:47:27'),(38,'quis','2014-05-24 05:58:08','2020-02-07 09:35:27'),(39,'modi','1984-08-09 16:26:34','2020-12-27 01:30:07'),(40,'unde','2001-12-19 10:06:51','2020-12-27 01:30:07'),(41,'amet','2005-04-30 16:14:11','2014-11-30 15:44:01'),(42,'officiis','2017-05-10 20:05:07','2019-04-18 13:19:49'),(43,'voluptatem','2005-11-05 12:16:00','2020-12-27 01:30:07'),(44,'rerum','1990-08-12 22:31:51','1991-08-03 07:01:20'),(45,'aliquid','2001-11-06 08:24:07','2016-02-11 18:34:09'),(46,'enim','2000-01-28 03:21:27','2020-12-27 01:30:07'),(47,'dolores','2000-11-12 20:23:27','2020-12-27 01:30:07'),(48,'eius','1995-12-29 21:12:58','2003-12-27 03:37:01'),(49,'odio','2003-09-13 07:48:04','2020-12-27 01:30:07'),(50,'vero','1981-05-26 23:35:45','1988-08-06 17:52:04'),(51,'nobis','2008-01-18 07:08:52','2020-12-27 01:30:07'),(52,'est','1999-10-07 04:29:49','2020-12-27 01:30:07'),(53,'vitae','2005-07-09 12:22:02','2019-07-02 11:35:58'),(54,'error','2001-02-24 12:09:56','2020-12-27 01:30:07'),(55,'veniam','2002-05-15 03:03:48','2014-09-16 08:39:36'),(56,'necessitatibus','2016-07-04 11:42:48','2020-12-27 01:30:07'),(57,'deserunt','2018-09-15 23:19:02','2020-12-27 01:30:07'),(58,'tempore','1981-09-21 08:41:42','1992-05-03 22:59:25'),(59,'in','1974-11-06 21:51:07','1997-11-13 00:59:48'),(60,'ipsum','1979-08-10 19:37:56','2013-09-08 10:22:58'),(61,'iste','1994-09-09 16:07:16','2017-11-07 19:09:14'),(62,'cumque','2003-11-04 03:11:33','2020-12-27 01:30:07'),(63,'dicta','2004-03-05 23:19:29','2020-12-27 01:30:07'),(64,'fuga','2016-08-28 14:20:38','2020-12-27 01:30:07'),(65,'saepe','1997-08-16 09:31:47','2003-10-02 17:45:40'),(66,'ad','1981-06-17 17:43:36','2020-12-27 01:30:07'),(67,'eos','2012-11-03 17:51:01','2020-12-27 01:30:07'),(68,'sunt','2015-08-26 22:07:33','2020-05-16 19:20:29'),(69,'nulla','1986-02-10 13:06:44','2020-12-27 01:30:07'),(70,'quia','1976-05-04 07:37:39','1990-06-04 23:32:08'),(71,'voluptas','1981-06-09 18:24:45','2020-12-27 01:30:07'),(72,'architecto','2019-04-12 15:54:56','2020-12-27 01:30:07'),(73,'eum','2019-07-29 06:38:15','2020-12-27 01:30:07'),(74,'culpa','2003-10-23 19:14:18','2020-12-27 01:30:07'),(75,'mollitia','2003-04-06 06:16:42','2020-12-27 01:30:07'),(76,'possimus','1997-11-07 19:05:04','2020-12-27 01:30:07'),(77,'non','1996-06-08 11:05:30','2020-12-27 01:30:07'),(78,'numquam','1979-06-12 20:35:02','1993-10-04 20:37:18'),(79,'explicabo','1998-08-11 10:51:16','2020-12-27 01:30:07'),(80,'porro','1998-05-12 12:58:47','2010-11-23 23:11:51'),(81,'sed','2019-03-18 09:57:56','2020-12-27 01:30:07'),(82,'corporis','2003-06-28 10:55:26','2020-12-27 01:30:07'),(83,'at','1987-03-23 03:57:03','2020-12-27 01:30:07'),(84,'excepturi','1997-12-09 14:21:40','2020-12-27 01:30:07'),(85,'nemo','1994-02-22 21:41:30','2020-12-27 01:30:07'),(86,'eligendi','2002-07-20 07:06:31','2020-12-27 01:30:07'),(87,'doloribus','2005-01-04 20:24:33','2020-12-27 01:30:07'),(88,'quo','1982-09-15 02:11:05','2019-09-01 00:57:29'),(89,'autem','1988-10-20 12:11:43','2019-09-05 01:17:53'),(90,'sit','1999-02-09 08:46:04','2020-12-27 01:30:07'),(91,'assumenda','2017-08-18 20:30:03','2020-12-27 01:30:07'),(92,'odit','2008-05-16 12:37:44','2020-12-27 01:30:07'),(93,'ea','1991-11-03 22:45:31','1997-05-31 08:17:03'),(94,'quas','1979-03-04 19:36:54','2020-12-27 01:30:07'),(95,'quisquam','1991-10-24 14:11:49','1994-12-20 06:55:53'),(96,'itaque','1975-03-01 11:24:33','1977-09-27 21:41:40'),(97,'laudantium','2009-01-08 04:01:39','2020-12-27 01:30:07'),(98,'nisi','1975-04-20 03:02:07','2009-08-19 08:30:57'),(99,'dignissimos','1999-03-06 22:00:01','2020-12-27 01:30:07'),(100,'voluptates','1996-08-31 23:09:16','2020-12-27 01:30:07');
/*!40000 ALTER TABLE `communities` ENABLE KEYS */;
UNLOCK TABLES;

--
-- Table structure for table `communities_users`
--

DROP TABLE IF EXISTS `communities_users`;
/*!40101 SET @saved_cs_client     = @@character_set_client */;
/*!50503 SET character_set_client = utf8mb4 */;
CREATE TABLE `communities_users` (
  `community_id` int unsigned NOT NULL COMMENT '╨б╤Б╤Л╨╗╨║╨░ ╨╜╨░ ╨│╤А╤Г╨┐╨┐╤Г',
  `user_id` int unsigned NOT NULL COMMENT '╨б╤Б╤Л╨╗╨║╨░ ╨╜╨░ ╨┐╨╛╨╗╤М╨╖╨╛╨▓╨░╤В╨╡╨╗╤П',
  `created_at` datetime DEFAULT CURRENT_TIMESTAMP COMMENT '╨Т╤А╨╡╨╝╤П ╤Б╨╛╨╖╨┤╨░╨╜╨╕╤П ╤Б╤В╤А╨╛╨║╨╕',
  PRIMARY KEY (`community_id`,`user_id`) COMMENT '╨б╨╛╤Б╤В╨░╨▓╨╜╨╛╨╣ ╨┐╨╡╤А╨▓╨╕╤З╨╜╤Л╨╣ ╨║╨╗╤О╤З'
) ENGINE=InnoDB DEFAULT CHARSET=utf8 COLLATE=utf8_unicode_ci COMMENT='╨г╤З╨░╤Б╤В╨╜╨╕╨║╨╕ ╨│╤А╤Г╨┐╨┐, ╤Б╨▓╤П╨╖╤М ╨╝╨╡╨╢╨┤╤Г ╨┐╨╛╨╗╤М╨╖╨╛╨▓╨░╤В╨╡╨╗╤П╨╝╨╕ ╨╕ ╨│╤А╤Г╨┐╨┐╨░╨╝╨╕';
/*!40101 SET character_set_client = @saved_cs_client */;

--
-- Dumping data for table `communities_users`
--

LOCK TABLES `communities_users` WRITE;
/*!40000 ALTER TABLE `communities_users` DISABLE KEYS */;
INSERT INTO `communities_users` VALUES (1,5,'1996-08-31 10:32:47'),(1,22,'2011-12-05 12:29:04'),(1,30,'1971-09-20 09:05:33'),(1,32,'1987-01-06 06:44:14'),(1,35,'1987-09-06 23:52:28'),(1,90,'2013-04-11 07:49:46'),(2,20,'1993-08-07 12:16:26'),(2,82,'2016-01-15 15:59:17'),(2,85,'2012-12-27 22:43:11'),(2,95,'1987-12-30 10:12:00'),(3,29,'1980-10-04 18:26:58'),(3,41,'2009-03-12 04:58:51'),(3,43,'1997-05-17 22:37:05'),(3,46,'2003-04-30 20:40:22'),(3,62,'1977-07-05 05:52:35'),(3,63,'2018-07-01 13:24:23'),(3,74,'1999-07-18 17:54:29'),(4,10,'2018-12-19 18:07:50'),(4,61,'1976-07-08 19:06:25'),(4,70,'2008-07-14 14:40:32'),(4,78,'1988-01-21 04:25:11'),(5,3,'1974-12-23 13:09:32'),(5,8,'2018-09-13 00:54:25'),(5,13,'2011-03-17 01:13:44'),(5,49,'2003-11-17 02:00:55'),(5,56,'1977-10-09 05:32:15'),(5,60,'1973-07-23 00:59:37'),(5,64,'2003-08-17 16:56:15'),(5,75,'2007-09-01 22:56:40'),(5,86,'2009-11-22 08:44:03'),(5,94,'2002-03-02 23:50:25'),(5,98,'2002-02-05 19:00:49'),(5,99,'2009-11-10 23:44:20'),(6,18,'1970-02-17 23:53:44'),(6,21,'2008-05-15 13:20:20'),(6,53,'1992-12-18 18:48:50'),(6,72,'1976-08-24 10:05:23'),(6,97,'1982-03-21 01:07:51'),(7,17,'1990-03-07 17:18:29'),(7,23,'2004-05-13 08:47:00'),(7,37,'2020-04-16 04:26:36'),(7,77,'1991-05-10 14:17:48'),(7,91,'2013-10-18 18:33:26'),(8,12,'1982-06-29 07:25:43'),(8,19,'1999-04-28 09:28:15'),(8,26,'1975-03-11 04:36:02'),(8,27,'2011-10-03 15:05:35'),(8,80,'1994-07-25 14:32:18'),(8,84,'2014-10-26 09:05:49'),(9,48,'2010-12-26 21:48:22'),(10,1,'1998-02-12 21:48:55'),(10,54,'1974-12-04 17:47:28'),(11,2,'1977-01-09 16:34:09'),(11,4,'2006-02-18 13:26:35'),(11,33,'2001-08-05 02:25:32'),(11,55,'1991-03-31 17:26:30'),(11,57,'2003-03-25 00:50:53'),(12,6,'1993-08-05 05:35:37'),(12,11,'1987-04-18 15:07:20'),(12,24,'2009-09-03 19:40:04'),(12,45,'2020-05-09 00:28:55'),(12,68,'2007-10-02 21:54:09'),(12,71,'2020-07-28 19:42:02'),(12,89,'2020-11-22 23:28:21'),(12,92,'2005-02-10 15:22:11'),(12,100,'1994-06-26 02:56:48'),(13,40,'2003-03-18 02:40:23'),(13,44,'2008-01-11 02:26:11'),(13,52,'2020-10-22 10:13:06'),(13,88,'2013-05-20 08:28:53'),(14,39,'1976-10-12 12:50:26'),(14,42,'1974-09-12 18:06:24'),(14,51,'1970-05-29 06:02:03'),(14,65,'2006-10-03 06:58:10'),(14,96,'1983-04-17 13:03:12'),(15,34,'2016-02-05 10:24:24'),(16,7,'2015-11-03 20:51:57'),(16,9,'1987-08-15 20:16:50'),(16,69,'1982-03-11 12:22:06'),(17,16,'1979-07-02 22:53:46'),(17,25,'1975-10-23 19:42:42'),(17,31,'1986-07-19 08:03:47'),(17,66,'2007-05-03 22:57:18'),(17,73,'1991-01-17 01:22:16'),(17,76,'2014-06-12 07:29:45'),(17,81,'1972-11-24 04:23:59'),(17,87,'1976-03-04 18:11:22'),(18,28,'2014-08-23 18:54:43'),(18,36,'2006-11-26 12:31:54'),(18,50,'2009-12-11 02:07:12'),(19,14,'1973-02-22 07:07:11'),(19,15,'1978-08-31 07:28:31'),(19,38,'1987-01-04 08:55:55'),(19,58,'1999-09-22 20:19:03'),(19,83,'1978-10-26 08:32:04'),(20,47,'1979-06-04 18:00:25'),(20,59,'1981-04-06 01:35:52'),(20,67,'2002-02-01 07:23:49'),(20,79,'1997-05-27 01:12:24'),(20,93,'1985-06-28 08:47:40');
/*!40000 ALTER TABLE `communities_users` ENABLE KEYS */;
UNLOCK TABLES;

--
-- Table structure for table `friendship`
--

DROP TABLE IF EXISTS `friendship`;
/*!40101 SET @saved_cs_client     = @@character_set_client */;
/*!50503 SET character_set_client = utf8mb4 */;
CREATE TABLE `friendship` (
  `user_id` int unsigned NOT NULL COMMENT '╨б╤Б╤Л╨╗╨║╨░ ╨╜╨░ ╨╕╨╜╨╕╤Ж╨╕╨░╤В╨╛╤А╨░ ╨┤╤А╤Г╨╢╨╡╤Б╨║╨╕╤Е ╨╛╤В╨╜╨╛╤И╨╡╨╜╨╕╨╣',
  `friend_id` int unsigned NOT NULL COMMENT '╨б╤Б╤Л╨╗╨║╨░ ╨╜╨░ ╨┐╨╛╨╗╤Г╤З╨░╤В╨╡╨╗╤П ╨┐╤А╨╕╨│╨╗╨░╤И╨╡╨╜╨╕╤П ╨┤╤А╤Г╨╢╨╕╤В╤М',
  `friendship_status_id` int unsigned NOT NULL COMMENT '╨б╤Б╤Л╨╗╨║╨░ ╨╜╨░ ╤Б╤В╨░╤В╤Г╤Б (╤В╨╡╨║╤Г╤Й╨╡╨╡ ╤Б╨╛╤Б╤В╨╛╤П╨╜╨╕╨╡) ╨╛╤В╨╜╨╛╤И╨╡╨╜╨╕╨╣',
  `confirmed_at` datetime DEFAULT NULL COMMENT '╨Т╤А╨╡╨╝╤П ╨┐╨╛╨┤╤В╨▓╨╡╤А╨╢╨┤╨╡╨╜╨╕╤П ╨┐╤А╨╕╨│╨╗╨░╤И╨╡╨╜╨╕╤П',
  `created_at` datetime DEFAULT CURRENT_TIMESTAMP COMMENT '╨Т╤А╨╡╨╝╤П ╤Б╨╛╨╖╨┤╨░╨╜╨╕╤П ╤Б╤В╤А╨╛╨║╨╕',
  `updated_at` datetime DEFAULT CURRENT_TIMESTAMP ON UPDATE CURRENT_TIMESTAMP COMMENT '╨Т╤А╨╡╨╝╤П ╨╛╨▒╨╜╨╛╨▓╨╗╨╡╨╜╨╕╤П ╤Б╤В╤А╨╛╨║╨╕',
  PRIMARY KEY (`user_id`,`friend_id`) COMMENT '╨б╨╛╤Б╤В╨░╨▓╨╜╨╛╨╣ ╨┐╨╡╤А╨▓╨╕╤З╨╜╤Л╨╣ ╨║╨╗╤О╤З'
) ENGINE=InnoDB DEFAULT CHARSET=utf8 COLLATE=utf8_unicode_ci COMMENT='╨в╨░╨▒╨╗╨╕╤Ж╨░ ╨┤╤А╤Г╨╢╨▒╤Л';
/*!40101 SET character_set_client = @saved_cs_client */;

--
-- Dumping data for table `friendship`
--

LOCK TABLES `friendship` WRITE;
/*!40000 ALTER TABLE `friendship` DISABLE KEYS */;
INSERT INTO `friendship` VALUES (1,44,16,'1983-10-06 17:32:31','1977-02-12 11:24:52','2020-12-27 01:00:13'),(1,75,1,'2013-09-24 17:50:20','1987-09-22 01:58:08','2020-12-27 01:00:13'),(3,6,20,'1986-08-29 01:49:43','1976-07-24 15:07:57','2020-12-27 01:00:13'),(4,1,2,'2012-12-04 21:58:15','1996-12-08 09:46:59','2020-12-27 01:00:13'),(4,90,1,'2020-12-27 01:00:13','2004-04-09 04:13:26','2020-12-27 01:03:16'),(5,49,18,'2010-07-03 12:20:26','1995-10-27 12:27:13','2020-12-27 01:00:13'),(6,35,12,'2020-12-27 01:00:13','2004-04-20 06:40:10','2020-12-27 01:03:16'),(7,9,14,'1989-07-26 10:22:58','1984-07-11 18:33:13','2020-12-27 01:00:13'),(7,15,8,'2020-12-27 01:00:13','1997-09-11 08:18:11','2020-12-27 01:03:16'),(9,5,9,'2011-10-07 11:45:50','1972-12-11 07:26:09','2020-12-27 01:00:13'),(11,62,10,'2020-12-27 01:00:13','2004-07-08 16:46:35','2020-12-27 01:03:16'),(14,38,8,'2020-12-27 01:00:13','2010-02-12 04:38:49','2020-12-27 01:03:16'),(15,27,5,'2019-01-31 09:26:03','1973-06-18 05:15:24','2020-12-27 01:00:13'),(15,49,14,'2020-12-27 01:00:13','1996-09-13 08:09:38','2020-12-27 01:03:16'),(15,100,12,'2020-12-27 01:00:13','1976-06-19 18:06:52','2020-12-27 01:03:16'),(17,65,1,'2020-12-27 01:00:13','1990-06-11 01:23:44','2020-12-27 01:03:16'),(17,80,9,'2019-09-27 05:40:29','2017-12-20 00:58:29','2020-12-27 01:00:13'),(21,82,10,'2020-12-27 01:00:13','2010-02-18 02:19:09','2020-12-27 01:03:16'),(21,88,11,'2020-12-27 01:00:13','2020-12-11 08:09:50','2020-12-27 01:03:16'),(22,78,14,'2014-05-04 11:32:36','1990-04-26 19:30:10','2020-12-27 01:00:13'),(24,24,2,'2003-03-16 04:02:01','1971-06-24 01:55:41','2020-12-27 01:00:13'),(25,86,5,'2017-05-20 07:15:06','2010-11-20 00:17:22','2020-12-27 01:00:13'),(25,90,18,'2020-12-27 01:00:13','1997-05-24 09:59:17','2020-12-27 01:03:16'),(26,2,10,'2020-12-27 01:00:13','2001-07-16 01:39:03','2020-12-27 01:03:16'),(26,76,14,'2020-12-27 01:00:13','1985-08-13 14:19:17','2020-12-27 01:03:16'),(26,83,1,'2020-12-27 01:00:13','1994-03-17 23:50:30','2020-12-27 01:03:16'),(28,25,1,'1985-08-31 15:10:25','1985-01-03 11:01:21','2020-12-27 01:00:13'),(28,63,5,'2020-12-27 01:00:13','2000-03-09 07:44:38','2020-12-27 01:03:16'),(28,94,13,'2020-12-27 01:00:13','2006-11-06 05:48:33','2020-12-27 01:03:16'),(31,47,15,'2015-09-12 16:35:40','2013-06-13 17:13:33','2020-12-27 01:00:13'),(31,84,14,'2020-12-27 01:00:13','1983-03-23 19:30:46','2020-12-27 01:03:16'),(32,25,7,'2004-05-27 06:38:09','1981-12-31 05:21:27','2020-12-27 01:00:13'),(33,75,10,'2020-12-27 01:00:13','1991-04-19 13:49:54','2020-12-27 01:03:16'),(34,21,5,'2020-12-27 01:00:13','2000-08-06 10:13:19','2020-12-27 01:03:16'),(36,12,10,'1993-01-28 23:42:21','1975-10-24 11:49:54','2020-12-27 01:00:13'),(40,25,19,'2020-12-27 01:00:13','1979-10-15 10:40:12','2020-12-27 01:03:16'),(43,40,14,'1981-01-04 12:24:39','1970-08-24 22:18:33','2020-12-27 01:00:13'),(44,79,19,'2020-12-27 01:00:13','2015-09-18 13:33:44','2020-12-27 01:03:16'),(45,60,16,'2011-10-07 00:12:37','2006-07-09 06:11:25','2020-12-27 01:00:13'),(46,19,14,'2012-10-29 13:00:00','1997-12-31 12:37:33','2020-12-27 01:00:13'),(48,27,6,'2003-10-03 23:37:59','1979-07-01 06:36:20','2020-12-27 01:00:13'),(48,92,9,'2006-01-17 07:54:00','1997-12-30 06:31:12','2020-12-27 01:00:13'),(49,10,5,'2020-12-27 01:00:13','2006-05-29 18:21:35','2020-12-27 01:03:16'),(49,73,20,'1977-09-30 16:30:35','1975-01-07 14:40:12','2020-12-27 01:00:13'),(50,84,8,'2001-10-15 10:37:16','1992-03-24 00:42:28','2020-12-27 01:00:13'),(51,49,4,'2020-12-27 01:00:13','2016-10-08 04:05:53','2020-12-27 01:03:16'),(51,64,18,'2017-01-28 14:36:00','2010-06-23 12:01:41','2020-12-27 01:00:13'),(52,16,7,'2002-09-23 07:56:50','1988-09-28 18:14:19','2020-12-27 01:00:13'),(54,22,11,'2020-12-27 01:00:13','2009-12-06 17:46:34','2020-12-27 01:03:16'),(55,16,10,'1991-12-06 20:51:00','1985-10-05 05:43:12','2020-12-27 01:00:13'),(55,75,1,'2009-08-11 22:06:47','1972-05-07 07:02:05','2020-12-27 01:00:13'),(56,99,12,'2020-12-27 01:00:13','2002-02-04 01:04:12','2020-12-27 01:03:16'),(57,79,8,'1998-08-14 18:04:16','1978-08-21 23:19:28','2020-12-27 01:00:13'),(58,32,17,'1983-08-20 04:04:11','1971-10-09 13:05:54','2020-12-27 01:00:13'),(59,88,17,'1991-05-07 15:16:52','1979-09-22 19:00:59','2020-12-27 01:00:13'),(59,98,17,'2019-04-24 14:57:19','2005-03-28 09:22:06','2020-12-27 01:00:13'),(60,27,1,'1998-04-25 20:31:31','1985-08-24 16:33:33','2020-12-27 01:00:13'),(61,16,13,'2020-12-27 01:00:13','2009-10-06 03:52:03','2020-12-27 01:03:16'),(61,41,19,'2020-12-27 01:00:13','1979-07-25 04:34:34','2020-12-27 01:03:16'),(61,68,12,'2014-10-14 08:19:27','1981-06-07 02:48:23','2020-12-27 01:00:13'),(62,1,3,'2020-12-27 01:00:13','1987-10-28 10:50:35','2020-12-27 01:03:16'),(62,95,10,'1977-02-23 01:46:47','1974-03-08 06:07:51','2020-12-27 01:00:13'),(64,45,16,'2020-12-27 01:00:13','1987-07-27 17:46:59','2020-12-27 01:03:16'),(66,38,20,'2020-12-27 01:00:13','2011-04-27 06:32:48','2020-12-27 01:03:16'),(66,43,4,'2015-09-05 14:30:40','1992-07-23 23:20:48','2020-12-27 01:00:13'),(67,55,7,'2020-12-27 01:00:13','2009-05-12 00:40:57','2020-12-27 01:03:16'),(70,95,10,'2015-05-13 12:35:10','1990-11-09 19:44:08','2020-12-27 01:00:13'),(71,58,3,'2020-12-27 01:00:13','2020-10-29 05:16:11','2020-12-27 01:03:16'),(71,91,3,'2020-12-27 01:00:13','1994-03-28 00:48:10','2020-12-27 01:03:16'),(72,38,7,'2020-12-27 01:00:13','2016-03-07 04:00:03','2020-12-27 01:03:16'),(72,64,9,'2018-12-24 07:03:15','2007-01-23 21:40:26','2020-12-27 01:00:13'),(73,3,17,'2004-10-21 21:57:50','1996-10-12 05:21:30','2020-12-27 01:00:13'),(73,39,13,'2020-12-27 01:00:13','2004-01-31 09:26:11','2020-12-27 01:03:16'),(73,43,10,'2020-12-27 01:00:13','2003-07-08 08:26:50','2020-12-27 01:03:16'),(73,82,19,'2009-09-20 09:32:21','1972-06-21 11:46:04','2020-12-27 01:00:13'),(73,96,12,'1990-11-28 01:47:57','1984-02-21 19:40:05','2020-12-27 01:00:13'),(74,35,2,'2020-12-27 01:00:13','2018-08-16 09:54:52','2020-12-27 01:03:16'),(74,57,10,'2013-06-14 04:06:58','2011-09-06 07:10:59','2020-12-27 01:00:13'),(75,57,8,'2004-01-06 07:51:54','1977-08-13 22:44:48','2020-12-27 01:00:13'),(76,7,4,'2005-07-18 10:24:22','1975-11-10 17:56:52','2020-12-27 01:00:13'),(82,69,13,'2010-03-26 23:26:27','2004-10-14 08:56:10','2020-12-27 01:00:13'),(87,38,4,'2020-12-27 01:00:13','1999-06-11 15:21:26','2020-12-27 01:03:16'),(87,51,11,'2020-08-14 04:29:41','2010-12-07 07:40:58','2020-12-27 01:00:13'),(89,33,10,'2020-12-27 01:00:13','1992-11-27 05:20:25','2020-12-27 01:03:16'),(89,64,8,'2020-12-27 01:00:13','1975-06-30 07:52:18','2020-12-27 01:03:16'),(90,3,13,'2017-09-21 12:20:42','1971-05-28 03:00:10','2020-12-27 01:00:13'),(90,66,9,'1991-01-25 16:43:01','1985-12-16 02:21:59','2020-12-27 01:00:13'),(90,70,5,'2019-02-24 04:53:34','1985-08-01 00:10:48','2020-12-27 01:00:13'),(91,54,3,'1987-09-23 02:58:23','1976-07-09 23:53:28','2020-12-27 01:00:13'),(93,15,5,'2020-12-27 01:00:13','2012-12-18 01:55:29','2020-12-27 01:03:16'),(93,37,1,'1998-08-24 21:20:51','1989-01-17 05:43:28','2020-12-27 01:00:13'),(95,14,4,'1988-05-27 23:08:50','1973-08-01 22:39:09','2020-12-27 01:00:13'),(96,24,9,'2020-12-27 01:00:13','2013-04-19 10:04:03','2020-12-27 01:03:16'),(96,32,18,'1997-09-15 08:15:20','1971-05-07 10:50:02','2020-12-27 01:00:13'),(96,70,17,'1994-12-16 13:41:23','1992-03-06 10:03:00','2020-12-27 01:00:13'),(97,40,17,'2002-03-30 17:51:05','1970-05-13 07:27:06','2020-12-27 01:00:13'),(97,71,16,'2020-12-27 01:00:13','1986-08-07 20:16:35','2020-12-27 01:03:16'),(98,43,3,'2000-05-09 05:20:07','1989-01-09 04:17:07','2020-12-27 01:00:13'),(98,80,20,'1999-01-16 02:27:54','1995-06-14 06:26:59','2020-12-27 01:00:13'),(98,88,11,'1979-02-12 23:12:23','1970-06-09 20:39:36','2020-12-27 01:00:13');
/*!40000 ALTER TABLE `friendship` ENABLE KEYS */;
UNLOCK TABLES;

--
-- Table structure for table `friendship_statuses`
--

DROP TABLE IF EXISTS `friendship_statuses`;
/*!40101 SET @saved_cs_client     = @@character_set_client */;
/*!50503 SET character_set_client = utf8mb4 */;
CREATE TABLE `friendship_statuses` (
  `id` int unsigned NOT NULL AUTO_INCREMENT COMMENT '╨Ш╨┤╨╡╨╜╤В╨╕╤Д╨╕╨║╨░╤В╨╛╤А ╤Б╤В╤А╨╛╨║╨╕',
  `name` varchar(150) CHARACTER SET utf8 COLLATE utf8_unicode_ci NOT NULL COMMENT '╨Э╨░╨╖╨▓╨░╨╜╨╕╨╡ ╤Б╤В╨░╤В╤Г╤Б╨░',
  `created_at` datetime DEFAULT CURRENT_TIMESTAMP COMMENT '╨Т╤А╨╡╨╝╤П ╤Б╨╛╨╖╨┤╨░╨╜╨╕╤П ╤Б╤В╤А╨╛╨║╨╕',
  `updated_at` datetime DEFAULT CURRENT_TIMESTAMP ON UPDATE CURRENT_TIMESTAMP COMMENT '╨Т╤А╨╡╨╝╤П ╨╛╨▒╨╜╨╛╨▓╨╗╨╡╨╜╨╕╤П ╤Б╤В╤А╨╛╨║╨╕',
  PRIMARY KEY (`id`),
  UNIQUE KEY `name` (`name`)
) ENGINE=InnoDB AUTO_INCREMENT=201 DEFAULT CHARSET=utf8 COLLATE=utf8_unicode_ci COMMENT='╨б╤В╨░╤В╤Г╤Б╤Л ╨┤╤А╤Г╨╢╨▒╤Л';
/*!40101 SET character_set_client = @saved_cs_client */;

--
-- Dumping data for table `friendship_statuses`
--

LOCK TABLES `friendship_statuses` WRITE;
/*!40000 ALTER TABLE `friendship_statuses` DISABLE KEYS */;
INSERT INTO `friendship_statuses` VALUES (101,'9','2005-02-07 20:38:36','2020-12-27 01:17:08'),(102,'4','2014-12-27 18:22:03','2020-12-27 01:17:08'),(103,'1','1984-11-01 07:46:10','1990-08-07 09:10:19'),(104,'20','2014-08-03 18:43:55','2020-12-27 01:17:08'),(105,'15','2013-02-24 01:12:59','2020-12-27 01:17:08'),(106,'13','1990-05-24 12:49:10','2012-11-27 01:46:55'),(107,'18','1996-07-24 19:52:59','2020-12-27 01:17:08'),(108,'7','1998-09-07 02:35:56','2020-12-27 01:17:08'),(110,'17','1973-07-03 13:59:52','2008-01-04 00:20:19'),(114,'11','1983-11-03 12:23:34','2004-07-19 03:42:34'),(118,'12','1975-03-19 00:10:24','1991-02-02 02:18:28'),(121,'2','1982-08-01 16:25:57','2011-12-06 15:27:38'),(123,'19','1991-11-05 16:35:59','2020-12-27 01:17:08'),(125,'14','2014-01-10 05:54:06','2020-12-27 01:17:08'),(127,'8','1992-01-18 07:19:41','2018-01-16 07:22:09'),(134,'6','1993-02-21 14:29:57','2005-02-23 01:00:03'),(148,'10','1978-08-28 01:16:51','2020-12-27 01:17:08'),(152,'16','2006-02-18 12:58:58','2020-12-27 01:17:08'),(160,'3','1980-12-31 04:36:31','2007-09-28 11:23:37');
/*!40000 ALTER TABLE `friendship_statuses` ENABLE KEYS */;
UNLOCK TABLES;

--
-- Table structure for table `media`
--

DROP TABLE IF EXISTS `media`;
/*!40101 SET @saved_cs_client     = @@character_set_client */;
/*!50503 SET character_set_client = utf8mb4 */;
CREATE TABLE `media` (
  `id` int unsigned NOT NULL AUTO_INCREMENT COMMENT '╨Ш╨┤╨╡╨╜╤В╨╕╤Д╨╕╨║╨░╤В╨╛╤А ╤Б╤В╤А╨╛╨║╨╕',
  `user_id` int unsigned NOT NULL COMMENT '╨б╤Б╤Л╨╗╨║╨░ ╨╜╨░ ╨┐╨╛╨╗╤М╨╖╨╛╨▓╨░╤В╨╡╨╗╤П, ╨║╨╛╤В╨╛╤А╤Л╨╣ ╨╖╨░╨│╤А╤Г╨╖╨╕╨╗ ╤Д╨░╨╣╨╗',
  `filename` varchar(255) CHARACTER SET utf8 COLLATE utf8_unicode_ci NOT NULL COMMENT '╨Я╤Г╤В╤М ╨║ ╤Д╨░╨╣╨╗╤Г',
  `size` int NOT NULL COMMENT '╨а╨░╨╖╨╝╨╡╤А ╤Д╨░╨╣╨╗╨░',
  `metadata` longtext CHARACTER SET utf8mb4 COLLATE utf8mb4_bin COMMENT '╨Ь╨╡╤В╨░╨┤╨░╨╜╨╜╤Л╨╡ ╤Д╨░╨╣╨╗╨░',
  `media_type_id` int unsigned NOT NULL COMMENT '╨б╤Б╤Л╨╗╨║╨░ ╨╜╨░ ╤В╨╕╨┐ ╨║╨╛╨╜╤В╨╡╨╜╤В╨░',
  `created_at` datetime DEFAULT CURRENT_TIMESTAMP COMMENT '╨Т╤А╨╡╨╝╤П ╤Б╨╛╨╖╨┤╨░╨╜╨╕╤П ╤Б╤В╤А╨╛╨║╨╕',
  `updated_at` datetime DEFAULT CURRENT_TIMESTAMP ON UPDATE CURRENT_TIMESTAMP COMMENT '╨Т╤А╨╡╨╝╤П ╨╛╨▒╨╜╨╛╨▓╨╗╨╡╨╜╨╕╤П ╤Б╤В╤А╨╛╨║╨╕',
  PRIMARY KEY (`id`),
  CONSTRAINT `media_chk_1` CHECK (json_valid(`metadata`))
) ENGINE=InnoDB DEFAULT CHARSET=utf8 COLLATE=utf8_unicode_ci COMMENT='╨Ь╨╡╨┤╨╕╨░╤Д╨░╨╣╨╗╤Л';
/*!40101 SET character_set_client = @saved_cs_client */;

--
-- Dumping data for table `media`
--

LOCK TABLES `media` WRITE;
/*!40000 ALTER TABLE `media` DISABLE KEYS */;
/*!40000 ALTER TABLE `media` ENABLE KEYS */;
UNLOCK TABLES;

--
-- Table structure for table `media_types`
--

DROP TABLE IF EXISTS `media_types`;
/*!40101 SET @saved_cs_client     = @@character_set_client */;
/*!50503 SET character_set_client = utf8mb4 */;
CREATE TABLE `media_types` (
  `id` int unsigned NOT NULL AUTO_INCREMENT COMMENT '╨Ш╨┤╨╡╨╜╤В╨╕╤Д╨╕╨║╨░╤В╨╛╤А ╤Б╤В╤А╨╛╨║╨╕',
  `name` varchar(255) CHARACTER SET utf8 COLLATE utf8_unicode_ci NOT NULL COMMENT '╨Э╨░╨╖╨▓╨░╨╜╨╕╨╡ ╤В╨╕╨┐╨░',
  `created_at` datetime DEFAULT CURRENT_TIMESTAMP COMMENT '╨Т╤А╨╡╨╝╤П ╤Б╨╛╨╖╨┤╨░╨╜╨╕╤П ╤Б╤В╤А╨╛╨║╨╕',
  `updated_at` datetime DEFAULT CURRENT_TIMESTAMP ON UPDATE CURRENT_TIMESTAMP COMMENT '╨Т╤А╨╡╨╝╤П ╨╛╨▒╨╜╨╛╨▓╨╗╨╡╨╜╨╕╤П ╤Б╤В╤А╨╛╨║╨╕',
  PRIMARY KEY (`id`),
  UNIQUE KEY `name` (`name`)
) ENGINE=InnoDB AUTO_INCREMENT=101 DEFAULT CHARSET=utf8 COLLATE=utf8_unicode_ci COMMENT='╨в╨╕╨┐╤Л ╨╝╨╡╨┤╨╕╨░╤Д╨░╨╣╨╗╨╛╨▓';
/*!40101 SET character_set_client = @saved_cs_client */;

--
-- Dumping data for table `media_types`
--

LOCK TABLES `media_types` WRITE;
/*!40000 ALTER TABLE `media_types` DISABLE KEYS */;
INSERT INTO `media_types` VALUES (1,'exe','1977-04-24 04:18:13','2001-02-03 17:32:46'),(2,'stc','1992-01-14 12:19:18','2011-08-27 04:57:04'),(3,'xdm','1996-09-16 20:55:04','1998-07-17 04:05:34'),(4,'ots','1979-06-24 18:07:09','2020-12-27 01:42:31'),(5,'wdb','1978-07-17 16:35:55','1993-04-25 23:38:38'),(6,'opml','2003-05-23 15:11:42','2006-12-23 17:34:56'),(7,'crd','1993-09-23 11:17:56','2020-12-27 01:42:31'),(8,'xar','2012-06-16 21:35:12','2020-12-27 01:42:31'),(9,'scurl','1971-09-23 01:49:50','2001-08-26 00:48:22'),(10,'kon','2017-12-15 19:10:57','2020-12-27 01:42:31'),(11,'stw','2002-08-11 08:57:30','2020-12-27 01:42:31'),(12,'ims','1973-04-05 13:36:57','1977-06-26 10:40:17'),(13,'mng','2016-03-16 04:18:04','2020-12-27 01:42:31'),(14,'rm','1993-08-09 00:24:48','2015-10-30 12:16:34'),(15,'tmo','1977-10-16 03:18:24','2020-12-27 01:42:31'),(16,'html','2017-06-13 07:03:35','2020-12-27 01:42:31'),(17,'sxc','2000-07-18 16:43:04','2020-12-27 01:42:31'),(18,'otg','1988-08-15 02:12:06','2008-07-08 21:14:11'),(19,'ssf','2017-01-23 08:57:39','2020-12-27 01:42:31'),(20,'ulx','1974-12-13 12:52:06','1996-11-28 11:39:39'),(21,'skt','2002-12-04 07:05:36','2020-12-27 01:42:31'),(22,'uvd','1993-01-11 22:28:57','2020-12-27 01:42:31'),(23,'sitx','1990-08-29 08:54:57','2019-03-28 01:53:38'),(24,'ufd','1997-04-07 11:44:24','2020-12-27 01:42:31'),(25,'karbon','2005-03-02 22:31:39','2020-12-27 01:42:31'),(26,'std','1995-08-08 11:31:01','2010-12-05 15:59:41'),(27,'rdz','2015-09-10 16:45:56','2020-11-07 06:47:43'),(28,'psd','1970-04-30 08:09:51','1994-03-03 19:18:01'),(29,'rif','1988-08-19 09:57:18','2020-12-27 01:42:31'),(30,'xlsm','1996-06-23 22:55:49','2013-12-05 13:03:38'),(31,'webp','1992-04-11 09:57:39','2020-12-27 01:42:31'),(32,'xbap','1975-01-24 17:33:49','2020-12-27 01:42:31'),(33,'mmr','1978-03-28 05:39:25','1979-08-25 00:54:42'),(34,'sxm','1994-04-24 07:51:55','2020-12-27 01:42:31'),(35,'vxml','2007-10-06 11:47:31','2020-12-27 01:42:31'),(36,'pnm','2000-08-07 08:29:58','2020-12-27 01:42:31'),(37,'flx','2014-02-11 10:48:35','2020-12-27 01:42:31'),(38,'7z','1991-05-02 17:52:36','1991-05-06 14:23:27'),(39,'vtu','1992-01-10 13:52:47','2020-12-27 01:42:31'),(40,'sti','2019-11-19 23:51:55','2020-12-27 01:42:31'),(41,'kfo','2016-07-15 02:37:57','2020-12-27 01:42:31'),(42,'xap','1995-06-04 05:52:22','2016-05-21 20:28:25'),(43,'mp4a','1989-12-26 05:43:40','2020-12-27 01:42:31'),(44,'xaml','2014-05-03 11:02:10','2017-07-19 23:58:16'),(45,'csv','1992-08-12 01:54:57','2006-07-20 12:15:08'),(46,'wvx','2013-07-03 18:55:02','2020-12-27 01:42:31'),(47,'wmlsc','1982-07-26 18:48:04','2006-08-10 02:35:43'),(48,'xpm','1971-05-28 07:25:17','2020-12-12 23:14:31'),(49,'xltm','1987-03-05 20:08:28','2006-08-10 00:03:28'),(50,'ogv','1979-12-11 08:21:39','1986-07-10 03:05:34'),(51,'ods','1983-01-15 06:31:32','2020-12-27 01:42:31'),(52,'mpga','1977-12-22 00:14:56','2019-09-04 17:57:58'),(53,'f4v','2016-10-18 11:06:19','2020-12-27 01:42:31'),(54,'pkipath','1981-10-02 05:22:10','2020-12-27 01:42:31'),(55,'ftc','2005-12-18 23:51:33','2020-12-27 01:42:31'),(56,'wmx','1976-10-16 02:09:55','1991-08-08 03:07:41'),(57,'mie','1985-01-18 14:14:15','2012-12-09 22:55:49'),(58,'xlf','1988-04-07 21:16:00','2020-12-27 01:42:31'),(59,'xbm','2019-09-07 08:40:06','2020-12-27 01:42:31'),(60,'jpm','2017-10-29 15:36:49','2020-12-27 01:42:31'),(61,'emma','2011-10-23 00:11:14','2020-12-27 01:42:31'),(62,'geo','1989-05-12 13:56:12','1998-09-27 21:41:56'),(63,'dxf','1985-05-24 20:51:40','2017-05-19 02:04:22'),(64,'wml','2005-09-24 10:25:40','2020-12-27 01:42:31'),(65,'xo','1985-07-08 15:29:00','2009-01-30 21:12:23'),(66,'xslt','1992-11-25 22:31:46','2020-12-27 01:42:31'),(67,'sfv','2006-02-05 09:32:11','2020-12-27 01:42:31'),(68,'pptx','2003-09-20 10:05:58','2007-03-13 06:56:24'),(69,'sse','1971-08-18 05:19:06','2000-06-29 02:31:58'),(70,'mts','2002-01-07 05:47:08','2020-12-27 01:42:31'),(71,'odc','2010-05-27 20:50:32','2020-12-27 01:42:31'),(72,'mmf','1986-01-27 08:44:48','2003-10-25 08:17:09'),(73,'pls','1976-11-04 04:59:32','2015-09-01 00:04:02'),(74,'atom','2008-12-23 17:09:09','2011-07-04 08:37:33'),(75,'qxb','2016-03-23 00:02:14','2020-12-27 01:42:31'),(76,'asm','1986-05-19 04:35:02','2018-04-25 20:56:07'),(77,'asf','2017-09-02 03:38:40','2020-12-27 01:42:31'),(78,'rmvb','2013-02-04 04:40:55','2020-12-27 01:42:31'),(79,'rss','1998-12-20 15:00:14','2020-12-27 01:42:31'),(80,'wbxml','1986-01-20 22:33:04','1996-09-03 05:55:40'),(81,'cryptonote','2020-12-13 08:19:34','2020-12-27 01:42:31'),(82,'nsf','2008-03-16 13:29:42','2020-12-27 01:42:31'),(83,'xvm','1975-05-15 14:02:11','2005-08-12 10:28:44'),(84,'fst','1994-04-17 18:44:43','2011-01-04 07:50:59'),(85,'curl','2003-02-09 17:35:53','2018-01-10 13:27:02'),(86,'torrent','2005-05-01 14:41:40','2020-12-27 01:42:31'),(87,'sus','1975-02-13 06:21:24','2020-12-27 01:42:31'),(88,'gdl','1983-12-13 07:44:56','1996-04-16 14:51:11'),(89,'m13','2014-07-11 00:09:37','2020-12-27 01:42:31'),(90,'btif','1993-03-04 08:37:26','2002-04-22 04:26:40'),(91,'sc','1986-03-03 18:42:53','2020-12-27 01:42:31'),(92,'npx','2012-04-25 16:03:17','2020-12-27 01:42:31'),(93,'f','1978-05-14 12:19:52','1983-06-28 13:02:47'),(94,'spot','1991-02-25 16:27:30','2020-12-27 01:42:31'),(95,'mseq','1999-01-01 16:19:57','2020-12-27 01:42:31'),(96,'dna','1994-06-24 07:48:50','2014-01-17 18:43:20'),(97,'rar','2009-08-23 12:53:00','2011-02-25 01:52:32'),(98,'oth','2003-02-21 21:41:46','2020-12-27 01:42:31'),(99,'uu','1973-04-23 04:16:50','2005-01-13 13:39:54'),(100,'mobi','1987-11-29 12:05:16','2018-09-05 13:28:38');
/*!40000 ALTER TABLE `media_types` ENABLE KEYS */;
UNLOCK TABLES;

--
-- Table structure for table `messages`
--

DROP TABLE IF EXISTS `messages`;
/*!40101 SET @saved_cs_client     = @@character_set_client */;
/*!50503 SET character_set_client = utf8mb4 */;
CREATE TABLE `messages` (
  `id` int unsigned NOT NULL AUTO_INCREMENT COMMENT '╨Ш╨┤╨╡╨╜╤В╨╕╤Д╨╕╨║╨░╤В╨╛╤А ╤Б╤В╤А╨╛╨║╨╕',
  `from_user_id` int unsigned NOT NULL COMMENT '╨б╤Б╤Л╨╗╨║╨░ ╨╜╨░ ╨╛╤В╨┐╤А╨░╨▓╨╕╤В╨╡╨╗╤П ╤Б╨╛╨╛╨▒╤Й╨╡╨╜╨╕╤П',
  `to_user_id` int unsigned NOT NULL COMMENT '╨б╤Б╤Л╨╗╨║╨░ ╨╜╨░ ╨┐╨╛╨╗╤Г╤З╨░╤В╨╡╨╗╤П ╤Б╨╛╨╛╨▒╤Й╨╡╨╜╨╕╤П',
  `body` text CHARACTER SET utf8 COLLATE utf8_unicode_ci NOT NULL COMMENT '╨в╨╡╨║╤Б╤В ╤Б╨╛╨╛╨▒╤Й╨╡╨╜╨╕╤П',
  `is_important` tinyint(1) DEFAULT NULL COMMENT '╨Я╤А╨╕╨╖╨╜╨░╨║ ╨▓╨░╨╢╨╜╨╛╤Б╤В╨╕',
  `is_delivered` tinyint(1) DEFAULT NULL COMMENT '╨Я╤А╨╕╨╖╨╜╨░╨║ ╨┤╨╛╤Б╤В╨░╨▓╨║╨╕',
  `created_at` datetime DEFAULT CURRENT_TIMESTAMP COMMENT '╨Т╤А╨╡╨╝╤П ╤Б╨╛╨╖╨┤╨░╨╜╨╕╤П ╤Б╤В╤А╨╛╨║╨╕',
  PRIMARY KEY (`id`)
) ENGINE=InnoDB AUTO_INCREMENT=101 DEFAULT CHARSET=utf8 COLLATE=utf8_unicode_ci COMMENT='╨б╨╛╨╛╨▒╤Й╨╡╨╜╨╕╤П';
/*!40101 SET character_set_client = @saved_cs_client */;

--
-- Dumping data for table `messages`
--

LOCK TABLES `messages` WRITE;
/*!40000 ALTER TABLE `messages` DISABLE KEYS */;
INSERT INTO `messages` VALUES (1,31,20,'Molestiae quia sint et ut modi. Ex ut ut omnis delectus magnam dignissimos. Molestiae voluptas odit omnis rem. Soluta sed non qui.',0,0,'1993-08-13 09:55:18'),(2,5,67,'Aut nihil repellat nemo eos ut qui et eaque. Dolorum repudiandae soluta quia voluptates vitae illum. Nulla voluptas laborum veniam et. Quis tenetur non ex dicta.',1,1,'1989-07-25 07:13:28'),(3,19,94,'Quisquam possimus laborum id sed est et veritatis. Dicta molestiae officia magni provident sed debitis. Voluptates rem delectus enim. Voluptas aliquam consequuntur quia omnis est sequi ex.',1,1,'1978-07-06 20:22:42'),(4,12,76,'Voluptates quaerat ut error cupiditate voluptatem ipsum corrupti et. Qui corporis tempora id facilis velit. Vel et quam atque rerum quisquam incidunt. Et velit optio autem cupiditate incidunt dignissimos. Iure iure et asperiores tenetur iste facere quis.',0,0,'1998-06-23 13:27:49'),(5,44,92,'Inventore eos voluptatibus sapiente placeat sed. Consequuntur occaecati incidunt necessitatibus possimus aspernatur. Sed blanditiis rerum veniam repellendus. Temporibus maxime et consequuntur quis soluta nihil quis. Iure tempora rem mollitia molestias et eos id.',1,0,'2009-05-26 17:03:28'),(6,27,57,'Facilis minima earum doloribus nisi est. Explicabo rerum est veniam aut saepe vero magni iusto. Recusandae quis molestias minus unde est saepe. Cumque voluptatem sint est est quibusdam assumenda saepe.',0,0,'1986-01-22 15:59:55'),(7,4,47,'Ducimus sunt in et enim qui minus. Id laudantium minus quia. Quam officia est ut fuga excepturi consectetur eligendi. Temporibus quo consequatur voluptas odio.',1,1,'1974-05-11 09:06:56'),(8,26,86,'Dolores aspernatur natus aut qui reprehenderit. Ut nam aspernatur incidunt molestiae suscipit ea omnis dolor. Incidunt in omnis sunt dignissimos.',1,0,'2009-10-14 01:21:13'),(9,50,94,'Nihil voluptates velit consectetur ut tempora sint. Id atque a dolor perspiciatis aut. Aut repellendus debitis sit accusamus sed voluptatum delectus. Consequatur vitae sint nulla laborum eum aut.',0,0,'1985-01-03 02:17:16'),(10,20,17,'Consequatur rerum velit earum sit ad. Quas ducimus porro eum ut. Tempore eos exercitationem dolores. Optio molestias eum fugit enim eos.',1,1,'2013-10-18 15:13:55'),(11,26,78,'Eum laborum iure fugiat dignissimos quis sit. Id consequatur occaecati non velit est et. Mollitia maiores tempora dignissimos quis nostrum. Corrupti laboriosam possimus ut.',1,0,'1982-11-23 18:17:29'),(12,11,21,'Est dolore ea nisi ut accusamus. Nam doloribus quasi nostrum quas eaque. Nihil aliquid occaecati ab alias sed esse. Sunt voluptatem error ullam magnam ipsa error.',1,1,'1973-01-19 04:55:35'),(13,72,94,'Iste et dolorem non nihil et. Dignissimos maxime sit natus libero inventore aut. Dolor sint maiores et animi perferendis mollitia.',1,1,'1984-04-16 13:54:31'),(14,56,98,'Ipsa incidunt sunt repellat. Id vel voluptas dolor nulla sunt nostrum doloremque. Quam qui voluptatem dolorem aperiam dolorum occaecati dolores nesciunt.',0,0,'2012-05-24 03:57:28'),(15,20,5,'Quibusdam et minima quis debitis. Rerum iusto laborum eveniet eos. Molestiae rem numquam qui. Ratione animi repellat sunt nihil.',0,1,'2002-06-15 18:37:53'),(16,64,7,'Qui itaque quis voluptatibus possimus illum. Voluptatem eos quaerat et. Eius odio a quas sit est.',1,0,'2011-10-22 09:21:02'),(17,40,81,'Ut qui in voluptas eveniet quisquam ut. Minima quo itaque iusto sit est. Vel repudiandae nihil excepturi nisi unde. Numquam iusto quaerat itaque adipisci qui est.',0,1,'1982-05-30 21:39:45'),(18,81,65,'Fugiat illum dolor et omnis. Dolore iusto excepturi exercitationem adipisci consequatur sequi.',0,0,'2001-03-03 01:34:08'),(19,79,100,'Voluptatem tenetur omnis ex aperiam. Aut voluptas eum omnis. Odit voluptatem non blanditiis quidem quaerat consequuntur. Et quos aperiam dicta iure rerum id.',0,0,'1991-12-03 04:12:13'),(20,63,14,'Ipsum rerum consectetur et. Molestiae et assumenda magni sed qui. Repellat quam numquam totam quisquam dolor quidem quia. Rem corrupti qui consequatur alias earum.',1,0,'1997-02-19 03:14:02'),(21,79,55,'Animi quisquam sit ut et aut. Est vitae velit accusantium alias aut. Suscipit sed officiis architecto corrupti quibusdam. Commodi aut sint possimus sit consequuntur.',0,0,'1970-09-04 20:00:28'),(22,37,20,'Quis expedita velit sed consequatur tenetur. Explicabo corporis saepe porro unde est. Accusantium soluta id officiis saepe mollitia ad. Vel et cum eos culpa omnis.',1,1,'1991-02-13 00:25:58'),(23,87,74,'Molestiae maxime eos minus molestias perferendis. Libero vel voluptates omnis eius corrupti pariatur quaerat earum.',0,1,'1976-12-21 09:26:00'),(24,8,17,'Excepturi labore ut dolor sit et. Quo amet sunt cumque sint. Sunt quia ab voluptatem explicabo dolorem ut. Omnis explicabo qui reiciendis dicta id quo earum.',1,0,'2007-08-20 12:55:28'),(25,62,60,'Autem rerum et voluptatem sequi. Distinctio quis dolorum voluptatem aliquam aspernatur culpa reiciendis. Voluptas sunt vel et facilis et eveniet.',0,1,'2007-03-06 05:46:59'),(26,13,85,'Molestias accusamus sed dolorum repellendus et corrupti. Quo molestias quia dolorem enim voluptatibus consequatur est. Assumenda vel non dolorem est voluptatem.',0,0,'1977-07-23 07:38:59'),(27,85,69,'Veniam ut sapiente deleniti aut et blanditiis. Voluptatem aliquid ut doloribus excepturi rerum quia quisquam.',0,1,'1984-05-07 17:59:21'),(28,90,44,'Accusamus error soluta ex. Illo accusantium id fuga et assumenda eius. Rerum officiis laboriosam dolorum omnis harum sequi. Corrupti recusandae qui molestiae dolore consectetur doloremque quisquam.',1,0,'1990-10-22 23:14:23'),(29,48,7,'Ut itaque animi nulla. Numquam blanditiis iure accusamus ab. Ut repellendus qui sunt quas culpa non. Et quia quod doloribus molestiae.',1,1,'2001-05-24 13:39:59'),(30,90,31,'Nostrum alias suscipit minima est ut. Quos sapiente autem maxime qui non distinctio. Maiores tempora qui ut adipisci.',1,1,'2014-06-13 05:53:28'),(31,83,21,'Recusandae porro culpa voluptatem exercitationem est est. Rerum similique exercitationem doloremque expedita. Voluptas repellat officia est et eos quisquam explicabo. Praesentium sed harum rem nobis temporibus.',1,1,'1978-10-31 23:36:44'),(32,55,12,'Sequi commodi dolorem sed libero labore. Temporibus mollitia quos omnis non. Recusandae explicabo aliquid voluptas. In possimus nihil consequatur aliquid.',0,1,'2013-04-25 03:36:14'),(33,93,28,'Libero consectetur asperiores quo quam placeat mollitia et. Voluptates omnis sit laudantium minima id atque. Et facere voluptatem ut quisquam quaerat. Libero cupiditate optio soluta.',0,1,'2006-07-22 09:38:30'),(34,63,30,'Quas excepturi qui tempora rem quos. Ullam vitae impedit necessitatibus qui. Sit molestias omnis quia temporibus quaerat qui.',0,0,'1980-04-05 04:58:14'),(35,60,9,'Quia soluta ab vitae autem porro. Tempora laudantium maiores ut et voluptas. Adipisci eum ratione iusto illo incidunt. Et nihil provident non qui.',1,0,'1980-02-04 09:01:25'),(36,63,90,'Similique et repudiandae quis eius. Et maiores illo assumenda magni nihil facilis. Sunt dolores consequatur dolore fugit voluptas. Mollitia earum tempora enim quia.',1,1,'1993-05-15 11:13:23'),(37,61,32,'Voluptatem aliquam enim perferendis unde et et. Excepturi voluptatum cum vel cupiditate ipsa necessitatibus voluptas. Voluptates eos sit quod tempora dolorem accusantium fugit. Recusandae tempora cumque consequuntur fugiat.',1,1,'1990-10-16 19:23:56'),(38,78,95,'Quidem nisi et quae ut maiores. Omnis cupiditate magnam veritatis excepturi. Aut et perspiciatis suscipit tempore accusantium architecto ipsa. Doloremque non assumenda mollitia tempore omnis. Tenetur incidunt voluptatem dicta ea omnis ex iste.',0,1,'2003-04-22 19:46:40'),(39,41,17,'Voluptatum autem labore nihil provident error aperiam sunt. Fugiat et alias occaecati temporibus et. Est facere nam similique possimus consequuntur consequatur sint itaque.',1,1,'2009-10-11 07:28:39'),(40,62,57,'Dolore necessitatibus at velit ut vero. Labore explicabo et iste odit vitae. Distinctio aut consequuntur id consequatur aliquam.',1,0,'2016-05-02 01:00:59'),(41,100,30,'Dolorum maiores molestiae et aut dolor facilis. Distinctio sit ab odit quidem at voluptatum in. Omnis odio consectetur accusantium ab. Vel voluptatem voluptatem dolore eum. Velit molestiae perferendis et rem repudiandae.',1,0,'1993-09-10 08:45:15'),(42,46,42,'Impedit aperiam consequatur ut voluptatibus. Est quam expedita nobis quod. Modi voluptate deserunt sit non dicta cumque.',1,1,'2012-09-29 02:37:31'),(43,71,27,'Quia architecto veritatis enim rerum facilis. Velit corrupti eum sit at deserunt in. Voluptatem rerum quo numquam at velit non dolor.',1,1,'1971-12-22 21:20:57'),(44,22,29,'Molestiae qui laudantium cupiditate amet est. Alias iste sed ut sint. Cupiditate est soluta qui rem id error nam.',0,0,'1974-05-13 16:57:19'),(45,78,1,'Quis saepe quisquam a culpa animi soluta. Dicta quam expedita qui vero.',1,0,'1981-06-23 00:19:22'),(46,73,59,'Laborum quia necessitatibus magni aut omnis eos officia non. Commodi quas iure minima adipisci. Laboriosam ut sit molestias consequatur.',0,1,'1983-08-19 22:10:02'),(47,79,15,'Quia nihil beatae laboriosam vel dignissimos non modi. Recusandae quam ut quo accusantium rerum. Dolor ducimus sit illum velit. Ut necessitatibus quia eveniet sit ipsum eveniet aliquam.',1,0,'2001-07-14 21:08:50'),(48,37,42,'Molestias velit sunt quod delectus quo. Saepe quo reiciendis et sit dolor nam.',0,0,'2013-08-17 03:25:08'),(49,95,51,'Accusantium quis quaerat praesentium id minus aperiam laboriosam. Rerum enim blanditiis tempora quo nam. Harum omnis eum consequatur dignissimos sed eius non.',1,1,'2014-11-06 05:17:19'),(50,70,95,'Velit adipisci accusamus eos itaque et. Itaque ex veniam libero. Non ipsa repellat quia iusto omnis amet omnis.',1,0,'2010-02-23 05:25:51'),(51,64,33,'Atque qui voluptatem nisi quis repellat necessitatibus. Ipsa at eveniet non quae aut expedita.',1,1,'2011-05-21 19:01:14'),(52,75,75,'Odit qui est nulla assumenda explicabo. Vitae excepturi non tempora velit vitae.',1,1,'1991-05-25 03:36:34'),(53,47,13,'Fugit ea deleniti nobis fugit. Ut dignissimos voluptatibus officia doloremque aperiam. Vitae qui dolorum natus et.',1,0,'1986-10-27 04:05:53'),(54,22,71,'Laudantium odit debitis omnis quasi laudantium sunt tempore libero. Aut sit laudantium nostrum omnis esse. Voluptatibus quod adipisci porro est alias molestiae iusto enim.',0,1,'1970-08-11 19:20:38'),(55,88,25,'Et a consequatur dolorum. Deserunt qui est et dignissimos consequatur itaque modi voluptas. Itaque voluptatum temporibus quis adipisci quisquam atque. Voluptas eum possimus ad totam.',0,1,'1973-01-27 23:38:34'),(56,62,32,'Facilis recusandae voluptas similique est. Assumenda et est nostrum non et tenetur consequatur.',0,0,'2007-05-26 15:06:01'),(57,77,85,'Reprehenderit quaerat minus quod possimus dolor omnis. Enim beatae ducimus quisquam nisi qui nemo.',0,0,'1977-09-19 00:57:12'),(58,97,27,'Necessitatibus omnis nisi eos quisquam. Qui non consectetur et non. Eum error sunt dolorum suscipit dolore.',1,1,'1976-04-29 23:59:49'),(59,43,36,'Corrupti sunt dolor perferendis quo. Beatae dolorem sed ut mollitia excepturi voluptates ut minima. Et dolor pariatur ullam placeat. Voluptatum accusamus et officia doloremque ad.',1,1,'2019-09-22 19:14:06'),(60,49,38,'Sit veniam deleniti doloribus rem libero illum. Minima autem nihil sunt consequuntur error nihil facere. Possimus ex possimus sit dolores expedita.',1,1,'2017-07-25 03:04:31'),(61,43,99,'Consequuntur numquam est quis odit rem ut. Voluptatem ab et aut recusandae. Consectetur laborum perspiciatis aut qui voluptatem. Ea voluptas dolores asperiores nulla optio sit quod nihil.',0,0,'1978-03-05 11:59:53'),(62,65,30,'Assumenda velit modi amet rerum quisquam reiciendis velit eos. Veritatis et consequuntur et autem consequatur et. Nostrum nihil dolor et commodi.',0,1,'1977-06-10 16:13:20'),(63,52,72,'Et quasi et sunt in neque vitae autem. Dicta magni non rem in. Dicta numquam nisi enim cumque. Dolores minima qui enim quo nobis.',1,0,'1995-07-14 11:57:34'),(64,100,87,'Veniam reprehenderit aut nostrum. Nihil sit asperiores amet enim magni numquam eum. Fuga ut rerum adipisci et id tempore. Ut est qui voluptas quisquam.',0,0,'1980-08-27 08:31:01'),(65,33,4,'Vitae consequatur alias natus voluptate rerum nobis libero. Error corporis non voluptate quos. Veniam minima laborum velit et et est.',1,1,'1983-05-03 04:31:05'),(66,20,89,'Ipsa repudiandae odit iste facere. Consequatur laudantium eligendi hic recusandae temporibus magnam eum. Aut quo temporibus atque qui. Optio veritatis sed quibusdam fugit.',1,1,'2016-09-04 07:00:52'),(67,82,41,'Consequuntur dolor dicta maiores. Numquam sed aperiam eligendi debitis aut deleniti molestias ducimus. Voluptas consequuntur cumque est labore alias commodi.',1,0,'1987-05-23 17:19:55'),(68,62,87,'Quia et reprehenderit voluptate est corrupti. Tempore iusto aliquid magni dolorum dignissimos enim quia. Doloribus qui sint voluptate eius. Est nam itaque magnam rerum ex libero.',1,0,'2000-09-28 19:58:17'),(69,47,73,'Inventore aut perferendis perferendis qui. Mollitia aut quasi sit.',0,1,'1982-10-03 14:26:42'),(70,25,5,'Sed accusantium cum similique veniam minus dolores ut. Ipsam enim dolores consectetur id veniam qui.',0,1,'1996-08-15 18:33:20'),(71,50,34,'Ut quo in inventore numquam iure et. Eos consequuntur repellat in et provident dolorum nisi. Beatae est qui est consequuntur dolorem aut impedit.',0,1,'2014-06-25 06:35:57'),(72,19,92,'Odit in eum sunt eaque. Voluptatibus atque exercitationem veritatis expedita ratione architecto. Adipisci eius ea est eos. Sequi enim sit deserunt autem sed excepturi ipsum omnis.',0,0,'2018-10-08 14:08:05'),(73,4,42,'Est ullam voluptatibus delectus velit. Recusandae occaecati similique eum fugit rerum. Nihil voluptatum cumque eveniet ratione. Sunt et et debitis eos animi et. Consequuntur voluptatem adipisci deserunt nulla iure eveniet.',0,0,'2014-07-22 19:27:15'),(74,96,57,'Aliquid iure maiores placeat ad et omnis tempora. Assumenda est velit et qui dolor nihil qui.',1,0,'2000-12-18 04:57:45'),(75,95,4,'Accusamus modi quae sint quo illo. Deleniti eius aut deleniti soluta. Maiores sapiente sit dolor tenetur in deserunt et aut.',0,0,'1987-11-19 09:35:06'),(76,36,67,'Ex odio vel voluptatem voluptatem exercitationem nesciunt in. Vitae in quis qui et reiciendis. Aut impedit recusandae nemo tempore. Deserunt quidem vero enim a veritatis dolorem iure.',0,0,'2016-08-30 02:48:41'),(77,28,37,'Et quia at sit. Ut ea assumenda sequi debitis. Error at dolor explicabo occaecati sunt.',0,0,'2006-07-02 14:23:43'),(78,100,91,'Autem blanditiis qui qui deleniti reprehenderit sequi. Accusamus laboriosam a reprehenderit voluptatem mollitia. Expedita ut numquam et eaque et provident velit. Quae illo inventore ducimus saepe.',1,0,'2000-06-01 16:02:16'),(79,51,84,'Deserunt quam recusandae voluptatem et et neque. Repudiandae sit minima nisi voluptas eos tempora praesentium. Exercitationem labore et animi non similique quaerat repellat.',1,0,'2011-05-12 14:30:22'),(80,65,72,'Ea quaerat cum qui facilis sequi. Eius id a nulla aspernatur. Et dolor accusamus libero veritatis. Deleniti et magni dolores harum in at. Eveniet quis explicabo rerum quis dignissimos.',1,0,'2017-04-30 08:57:06'),(81,66,12,'Reprehenderit aliquid eius porro omnis neque neque nam. Amet ut consequatur est atque sint aperiam. Laboriosam ut similique aut consectetur sit voluptas consequatur nisi. Dolorem aut fuga explicabo omnis.',0,0,'1974-07-14 21:14:52'),(82,61,68,'Aut rerum quia debitis saepe et. Atque fugit sit accusantium at. Consequatur esse sapiente dolores culpa et consequatur. Quasi est sed hic cupiditate tempore quis numquam.',1,1,'1994-05-22 00:45:54'),(83,58,86,'Cum architecto nobis natus delectus ex consequatur repellendus nesciunt. Aut saepe error alias similique repellat. Harum et praesentium officia. Voluptatem est pariatur aut quia neque exercitationem maiores.',0,0,'2018-10-05 13:14:07'),(84,53,9,'Fuga qui occaecati aut dolores doloremque fuga. Hic fugit dolorem quia. Dolorem consequatur molestias dolorem voluptas. Quia odit aperiam laboriosam unde nesciunt minima.',0,1,'1999-10-26 23:01:25'),(85,85,96,'Asperiores eum eveniet optio ex commodi ipsam. Provident sint facere expedita ea. Quae saepe qui repudiandae voluptate eum tempore.',1,0,'2012-01-18 00:14:49'),(86,24,33,'Nemo est dolor officia unde ipsum sint ut. Et et ab quia id. Molestiae tempora deleniti sunt ab.',1,1,'1976-06-02 12:26:28'),(87,94,68,'Labore deleniti nobis mollitia earum aperiam. Explicabo deserunt et sint et consequatur. Amet corrupti alias explicabo ipsa numquam nesciunt in esse. Temporibus sed asperiores quaerat perferendis voluptatem veritatis voluptatem molestiae.',0,0,'2012-02-21 13:27:52'),(88,59,90,'Quis distinctio nihil reiciendis. Voluptates voluptatem libero maiores illum fugit odio ducimus. Quis molestiae consectetur ad quod quod beatae quibusdam.',1,0,'2013-12-28 04:07:42'),(89,72,90,'Distinctio impedit dolore temporibus temporibus. In adipisci ipsa non id qui. Eos delectus aspernatur perspiciatis explicabo est. Quo et rerum molestias dolor ut.',1,1,'2006-03-08 16:56:22'),(90,32,89,'Ipsa dolorem amet labore non explicabo autem. Aut suscipit autem incidunt eum sit numquam. Esse eius excepturi eveniet cumque. Non laboriosam nihil asperiores magnam labore voluptatem exercitationem.',1,1,'1993-11-13 22:34:21'),(91,50,82,'Id qui voluptates nisi impedit qui quidem qui. Quidem in sint id perferendis tempore. Harum minus et error animi et repudiandae beatae.',0,1,'2019-03-15 07:34:58'),(92,58,45,'Animi ut aut aut reiciendis temporibus ipsam officia voluptatibus. Autem vel consequatur aut et. Et perspiciatis voluptatum voluptatem nobis minus.',1,1,'1985-07-21 05:51:34'),(93,51,20,'Praesentium reiciendis autem ducimus quia et. Ut rerum qui quasi quae fuga omnis. Sint maiores eaque dolorem facilis facilis molestias dolorum et. Tempora aperiam ratione dolores vel aliquam ut distinctio. Ipsam possimus et laudantium qui optio delectus.',0,0,'1991-07-27 23:06:01'),(94,47,75,'Eveniet eos modi ab consequatur nobis. Expedita voluptatem et in autem.',1,1,'2015-06-10 14:37:09'),(95,31,32,'Itaque ea rerum in quo quia est. Dolor officiis eius ipsa veritatis ut eveniet delectus. Accusantium asperiores non magni ut rerum ipsum.',0,1,'2003-02-09 13:47:20'),(96,64,23,'Tempore vel et maxime molestiae dignissimos. Fuga vero ipsa hic id modi incidunt et. Veniam porro iusto quia explicabo.',0,1,'1976-09-20 01:00:32'),(97,23,47,'Sit est nostrum culpa enim. Non qui temporibus saepe facere exercitationem. Ut ratione eum deserunt a aliquid corporis quas molestiae.',0,1,'1985-07-26 13:49:44'),(98,65,84,'Quas deleniti ad amet qui. Cupiditate qui neque modi vel ipsam. Asperiores voluptas facilis et illum consequatur quia deserunt. Veritatis maxime corrupti voluptatem.',1,0,'1999-09-03 12:07:58'),(99,23,64,'Iusto ducimus tenetur omnis aut. Labore molestiae beatae eius sunt magnam veniam. Maiores quae est ea. Cum et sapiente adipisci nemo.',0,0,'2015-06-28 19:40:14'),(100,51,60,'Officiis incidunt qui voluptas natus et iusto. Rerum esse unde culpa delectus sint dolorem sint cum. Neque laboriosam et ratione blanditiis. Facilis pariatur vel possimus est nihil.',0,0,'1974-07-07 08:38:04');
/*!40000 ALTER TABLE `messages` ENABLE KEYS */;
UNLOCK TABLES;

--
-- Table structure for table `profiles`
--

DROP TABLE IF EXISTS `profiles`;
/*!40101 SET @saved_cs_client     = @@character_set_client */;
/*!50503 SET character_set_client = utf8mb4 */;
CREATE TABLE `profiles` (
  `user_id` int unsigned NOT NULL COMMENT '╨б╤Б╤Л╨╗╨║╨░ ╨╜╨░ ╨┐╨╛╨╗╤М╨╖╨╛╨▓╨░╤В╨╡╨╗╤П',
  `gender` varchar(6) COLLATE utf8_unicode_ci DEFAULT NULL,
  `birthday` date DEFAULT NULL COMMENT '╨Ф╨░╤В╨░ ╤А╨╛╨╢╨┤╨╡╨╜╨╕╤П',
  `city` varchar(130) CHARACTER SET utf8 COLLATE utf8_unicode_ci DEFAULT NULL COMMENT '╨У╨╛╤А╨╛╨┤ ╨┐╤А╨╛╨╢╨╕╨▓╨░╨╜╨╕╤П',
  `country` varchar(130) CHARACTER SET utf8 COLLATE utf8_unicode_ci DEFAULT NULL COMMENT '╨б╤В╤А╨░╨╜╨░ ╨┐╤А╨╛╨╢╨╕╨▓╨░╨╜╨╕╤П',
  `created_at` datetime DEFAULT CURRENT_TIMESTAMP COMMENT '╨Т╤А╨╡╨╝╤П ╤Б╨╛╨╖╨┤╨░╨╜╨╕╤П ╤Б╤В╤А╨╛╨║╨╕',
  `updated_at` datetime DEFAULT CURRENT_TIMESTAMP ON UPDATE CURRENT_TIMESTAMP COMMENT '╨Т╤А╨╡╨╝╤П ╨╛╨▒╨╜╨╛╨▓╨╗╨╡╨╜╨╕╤П ╤Б╤В╤А╨╛╨║╨╕',
  PRIMARY KEY (`user_id`)
) ENGINE=InnoDB DEFAULT CHARSET=utf8 COLLATE=utf8_unicode_ci COMMENT='╨Я╤А╨╛╤Д╨╕╨╗╨╕';
/*!40101 SET character_set_client = @saved_cs_client */;

--
-- Dumping data for table `profiles`
--

LOCK TABLES `profiles` WRITE;
/*!40000 ALTER TABLE `profiles` DISABLE KEYS */;
INSERT INTO `profiles` VALUES (1,'Female','1970-01-18','Davinview','Canada','1976-03-12 19:01:33','2020-12-27 00:52:17'),(2,'Female','1980-10-16','West Orphaborough','New Zealand','1988-09-05 05:17:42','2020-12-27 00:52:17'),(3,'Male','1996-04-05','Rogeliomouth','Zambia','2016-03-19 09:34:55','2020-12-27 00:52:17'),(4,'Male','2017-01-30','Bashirianborough','Germany','1986-08-19 18:31:29','2020-12-27 00:52:17'),(5,'Male','2014-12-19','Boyleburgh','Poland','1989-07-24 08:46:10','2020-12-27 00:52:17'),(6,'Male','1990-08-12','West Edwinabury','Uruguay','1979-05-18 10:02:41','2020-12-27 00:52:17'),(7,'Male','2008-02-07','Windlerborough','Suriname','1996-07-31 07:33:52','2020-12-27 00:52:17'),(8,'Female','1987-08-23','New Elianmouth','Burkina Faso','1983-03-28 13:46:13','2020-12-27 00:52:17'),(9,'Male','1979-01-15','Gregoriotown','Comoros','2018-12-31 07:04:15','2020-12-27 00:52:17'),(10,'Female','1984-02-23','Paigefurt','Heard Island and McDonald Islands','2006-08-25 07:53:25','2020-12-27 00:52:17'),(11,'Male','1994-02-12','South Lazaroport','Fiji','2013-04-26 20:32:08','2020-12-27 00:52:17'),(12,'Female','2010-05-29','Port Maximilliachester','Chad','2011-01-29 19:06:50','2020-12-27 00:52:17'),(13,'Female','2010-07-26','East Larueborough','Puerto Rico','2003-05-14 01:06:40','2020-12-27 00:52:17'),(14,'Female','1977-12-26','North Clairechester','Iran','2008-05-20 13:08:14','2020-12-27 00:52:17'),(15,'Female','2010-07-14','Bashirianmouth','Cote d\'Ivoire','2002-01-27 06:52:21','2020-12-27 00:52:17'),(16,'Male','1976-12-16','Caryport','Saint Barthelemy','1973-05-13 17:16:14','2020-12-27 00:52:17'),(17,'Male','1975-10-12','Boyerton','Afghanistan','2016-08-01 06:59:54','2020-12-27 00:52:17'),(18,'Female','1988-06-16','Pearlstad','Brazil','1975-08-14 00:35:17','2020-12-27 00:52:17'),(19,'Female','2008-07-24','Brisastad','India','2010-12-05 17:03:13','2020-12-27 00:52:17'),(20,'Male','1982-09-06','Lake Caesarfort','Nigeria','1995-07-21 22:54:02','2020-12-27 00:52:17'),(21,'Male','1990-05-31','Gilberthaven','Aruba','2008-01-30 22:13:27','2020-12-27 00:52:17'),(22,'Female','2001-06-08','West Reecestad','Montenegro','2010-03-30 04:04:35','2020-12-27 00:52:17'),(23,'Male','1975-07-01','North Traceland','Egypt','1985-04-08 08:05:25','2020-12-27 00:52:17'),(24,'Female','2000-05-12','New Martatown','Afghanistan','2015-06-10 17:25:31','2020-12-27 00:52:17'),(25,'Male','2001-03-03','West Kelley','Libyan Arab Jamahiriya','1993-08-18 03:34:45','2020-12-27 00:52:17'),(26,'Male','2019-05-23','North Clara','Qatar','1978-04-14 19:49:51','2020-12-27 00:52:17'),(27,'Male','1998-03-15','East Wilsonmouth','Croatia','2013-07-04 11:04:26','2020-12-27 00:52:17'),(28,'Female','2015-05-01','Rosemarieborough','Canada','1981-03-29 14:29:06','2020-12-27 00:52:17'),(29,'Female','2009-01-17','Lake Wandaport','Kazakhstan','1992-05-16 11:00:24','2020-12-27 00:52:17'),(30,'Female','2014-06-30','East Melyssa','Portugal','2015-06-29 01:32:23','2020-12-27 00:52:17'),(31,'Female','1997-09-11','New Jaydafort','Finland','2002-12-29 09:56:09','2020-12-27 00:52:17'),(32,'Female','2019-07-10','North Willa','Anguilla','2020-11-24 04:14:29','2020-12-27 00:52:17'),(33,'Male','1984-02-05','Gislasontown','Kazakhstan','1996-02-07 00:55:19','2020-12-27 00:52:17'),(34,'Male','2016-09-30','Wymanbury','Luxembourg','1981-06-26 07:06:28','2020-12-27 00:52:17'),(35,'Male','1993-01-19','Sabinaport','United Kingdom','2013-06-13 16:42:35','2020-12-27 00:52:17'),(36,'Male','1996-09-06','Lawsonshire','Japan','1992-11-05 19:12:03','2020-12-27 00:52:17'),(37,'Female','2020-01-11','Ratkeburgh','Iran','1999-12-09 07:25:54','2020-12-27 00:52:17'),(38,'Female','2017-07-17','Lake Deanna','Namibia','2007-02-22 11:26:30','2020-12-27 00:52:17'),(39,'Female','2013-01-17','North Lilly','Ghana','2014-03-18 13:38:14','2020-12-27 00:52:17'),(40,'Female','2011-10-06','Handport','Sierra Leone','1980-04-06 05:48:24','2020-12-27 00:52:17'),(41,'Male','1998-07-09','Nealside','Madagascar','2005-09-06 15:37:02','2020-12-27 00:52:17'),(42,'Male','2017-10-09','Kertzmannshire','Peru','2012-12-16 05:40:46','2020-12-27 00:52:17'),(43,'Male','1970-02-27','Klingview','Namibia','2000-09-11 15:24:10','2020-12-27 00:52:17'),(44,'Male','1985-03-31','Leoview','Saint Lucia','2004-02-14 08:01:56','2020-12-27 00:52:17'),(45,'Female','2020-01-30','Filomenastad','Mexico','2018-10-03 23:24:45','2020-12-27 00:52:17'),(46,'Male','1974-05-07','Kesslerton','Mexico','2010-12-23 14:29:59','2020-12-27 00:52:17'),(47,'Male','2008-01-05','Tesston','Gambia','2007-09-21 00:08:19','2020-12-27 00:52:17'),(48,'Female','1992-02-15','Ferneborough','Malta','1996-03-07 11:42:31','2020-12-27 00:52:17'),(49,'Female','2016-11-10','New Antwonbury','Grenada','2016-04-16 05:43:32','2020-12-27 00:52:17'),(50,'Male','1976-02-02','Fadelhaven','Madagascar','2005-09-13 02:40:43','2020-12-27 00:52:17'),(51,'Male','1996-12-19','Brookechester','Jordan','1999-06-11 19:44:26','2020-12-27 00:52:17'),(52,'Female','2013-09-23','Spinkaberg','Gibraltar','2008-11-21 01:21:46','2020-12-27 00:52:17'),(53,'Male','1974-12-28','Greenfeldermouth','Bahrain','1994-05-12 02:51:08','2020-12-27 00:52:17'),(54,'Female','2014-08-09','Port Pinkieshire','Mongolia','1980-11-15 19:48:37','2020-12-27 00:52:17'),(55,'Male','2006-09-02','South Arnoldo','Puerto Rico','2011-01-17 21:20:35','2020-12-27 00:52:17'),(56,'Male','2006-05-30','Howeborough','Cote d\'Ivoire','2006-10-13 19:15:27','2020-12-27 00:52:17'),(57,'Female','2007-07-30','South Doraton','Reunion','1971-04-08 00:18:04','2020-12-27 00:52:17'),(58,'Female','1989-12-09','East Devante','Denmark','1998-12-02 03:30:36','2020-12-27 00:52:17'),(59,'Female','1996-04-14','Derrickstad','Nauru','1983-04-19 00:18:23','2020-12-27 00:52:17'),(60,'Female','1982-06-25','North Milotown','Benin','2018-05-18 13:39:02','2020-12-27 00:52:17'),(61,'Male','1994-05-08','Hermannberg','Montserrat','1993-01-13 00:18:53','2020-12-27 00:52:17'),(62,'Female','1988-08-14','Athenachester','Nigeria','1975-01-07 13:04:21','2020-12-27 00:52:17'),(63,'Female','1995-12-07','Trevafort','Isle of Man','2008-06-11 08:08:25','2020-12-27 00:52:17'),(64,'Male','2000-12-16','Port Loma','Gambia','1976-11-26 22:12:58','2020-12-27 00:52:17'),(65,'Female','2014-07-13','New Tania','Mauritania','1981-05-12 06:51:05','2020-12-27 00:52:17'),(66,'Male','1979-11-08','North Arvelborough','Luxembourg','1976-11-26 23:57:01','2020-12-27 00:52:17'),(67,'Female','1995-10-20','East Salliefurt','Niue','1982-07-11 22:44:38','2020-12-27 00:52:17'),(68,'Male','1982-05-26','Hagenesburgh','Cocos (Keeling) Islands','1998-03-14 20:38:17','2020-12-27 00:52:17'),(69,'Female','1998-10-08','Wilhelminechester','Peru','2007-12-15 23:01:34','2020-12-27 00:52:17'),(70,'Male','1994-11-07','South Eduardo','France','1983-10-02 17:27:32','2020-12-27 00:52:17'),(71,'Male','2010-10-26','North Anitamouth','Kiribati','1994-07-21 03:37:40','2020-12-27 00:52:17'),(72,'Female','1985-06-07','Janisville','Malawi','1979-05-14 06:17:38','2020-12-27 00:52:17'),(73,'Male','1977-01-26','Port Wade','Niue','1996-06-11 07:55:34','2020-12-27 00:52:17'),(74,'Male','1987-06-26','Darlenestad','Mexico','2017-12-12 13:38:07','2020-12-27 00:52:17'),(75,'Male','1995-03-14','North Kristoferchester','Palau','2011-10-04 01:07:15','2020-12-27 00:52:17'),(76,'Female','1998-10-19','Winstonside','Mali','2013-04-23 21:36:35','2020-12-27 00:52:17'),(77,'Female','1980-11-06','East Arnaldotown','Korea','2007-06-19 19:22:04','2020-12-27 00:52:17'),(78,'Female','2011-08-26','Watersview','Bouvet Island (Bouvetoya)','2018-06-30 12:00:35','2020-12-27 00:52:17'),(79,'Male','1974-05-25','Gleichnerport','Bolivia','1971-11-10 02:52:31','2020-12-27 00:52:17'),(80,'Female','1991-04-02','West Tremaineview','Eritrea','2002-11-12 12:37:33','2020-12-27 00:52:17'),(81,'Male','2007-01-27','Margietown','Lao People\'s Democratic Republic','1974-12-28 10:21:57','2020-12-27 00:52:17'),(82,'Male','1978-05-05','East Dustyview','New Zealand','1972-02-02 05:08:37','2020-12-27 00:52:17'),(83,'Male','2008-09-22','New Timmothy','Burundi','2003-07-27 02:46:12','2020-12-27 00:52:17'),(84,'Male','1973-06-28','Omerchester','Pitcairn Islands','1970-12-26 06:24:28','2020-12-27 00:52:17'),(85,'Male','1992-10-21','East Deventown','Canada','2006-01-21 06:33:41','2020-12-27 00:52:17'),(86,'Female','2000-01-14','Lake Charley','Antigua and Barbuda','2006-02-23 10:04:33','2020-12-27 00:52:17'),(87,'Female','2009-03-14','Austynport','San Marino','2017-03-23 12:13:03','2020-12-27 00:52:17'),(88,'Male','1995-04-01','North Sophie','Jordan','1984-02-13 23:00:49','2020-12-27 00:52:17'),(89,'Male','1986-12-27','Elizaborough','Belize','1990-04-28 04:27:24','2020-12-27 00:52:17'),(90,'Female','2011-01-07','North Theresaberg','Poland','1972-01-24 01:41:25','2020-12-27 00:52:17'),(91,'Male','2017-04-09','Holdenbury','Bouvet Island (Bouvetoya)','2013-07-01 08:37:30','2020-12-27 00:52:17'),(92,'Female','1990-10-24','Pacochahaven','Panama','1995-04-15 00:38:27','2020-12-27 00:52:17'),(93,'Male','2012-07-30','Port Jackelineport','Niue','1996-11-22 19:32:41','2020-12-27 00:52:17'),(94,'Female','2015-09-09','Lebsackmouth','Pakistan','2014-06-13 00:11:08','2020-12-27 00:52:17'),(95,'Male','1984-06-18','Carolanneville','Seychelles','1988-03-11 07:06:08','2020-12-27 00:52:17'),(96,'Female','2003-08-28','West Bradford','Dominican Republic','1991-07-28 10:14:11','2020-12-27 00:52:17'),(97,'Male','2011-03-25','West Beaulah','Gabon','2005-03-13 22:15:39','2020-12-27 00:52:17'),(98,'Female','1989-09-21','Herzogmouth','Rwanda','1982-01-30 01:56:20','2020-12-27 00:52:17'),(99,'Male','2020-11-11','Streichfort','Western Sahara','2010-08-23 23:12:54','2020-12-27 00:52:17'),(100,'Male','1998-12-01','Scotchester','Nicaragua','1980-03-17 14:43:09','2020-12-27 00:52:17');
/*!40000 ALTER TABLE `profiles` ENABLE KEYS */;
UNLOCK TABLES;

--
-- Table structure for table `users`
--

DROP TABLE IF EXISTS `users`;
/*!40101 SET @saved_cs_client     = @@character_set_client */;
/*!50503 SET character_set_client = utf8mb4 */;
CREATE TABLE `users` (
  `id` int unsigned NOT NULL AUTO_INCREMENT COMMENT '╨Ш╨┤╨╡╨╜╤В╨╕╤Д╨╕╨║╨░╤В╨╛╤А ╤Б╤В╤А╨╛╨║╨╕',
  `first_name` varchar(100) CHARACTER SET utf8 COLLATE utf8_unicode_ci NOT NULL COMMENT '╨Ш╨╝╤П ╨┐╨╛╨╗╤М╨╖╨╛╨▓╨░╤В╨╡╨╗╤П',
  `last_name` varchar(100) CHARACTER SET utf8 COLLATE utf8_unicode_ci NOT NULL COMMENT '╨д╨░╨╝╨╕╨╗╨╕╤П ╨┐╨╛╨╗╤М╨╖╨╛╨▓╨░╤В╨╡╨╗╤П',
  `email` varchar(100) CHARACTER SET utf8 COLLATE utf8_unicode_ci NOT NULL COMMENT '╨Я╨╛╤З╤В╨░',
  `phone` varchar(100) CHARACTER SET utf8 COLLATE utf8_unicode_ci NOT NULL COMMENT '╨в╨╡╨╗╨╡╤Д╨╛╨╜',
  `created_at` datetime DEFAULT CURRENT_TIMESTAMP COMMENT '╨Т╤А╨╡╨╝╤П ╤Б╨╛╨╖╨┤╨░╨╜╨╕╤П ╤Б╤В╤А╨╛╨║╨╕',
  `updated_at` datetime DEFAULT CURRENT_TIMESTAMP ON UPDATE CURRENT_TIMESTAMP COMMENT '╨Т╤А╨╡╨╝╤П ╨╛╨▒╨╜╨╛╨▓╨╗╨╡╨╜╨╕╤П ╤Б╤В╤А╨╛╨║╨╕',
  PRIMARY KEY (`id`),
  UNIQUE KEY `email` (`email`),
  UNIQUE KEY `phone` (`phone`)
) ENGINE=InnoDB AUTO_INCREMENT=101 DEFAULT CHARSET=utf8 COLLATE=utf8_unicode_ci COMMENT='╨Я╨╛╨╗╤М╨╖╨╛╨▓╨░╤В╨╡╨╗╨╕';
/*!40101 SET character_set_client = @saved_cs_client */;

--
-- Dumping data for table `users`
--

LOCK TABLES `users` WRITE;
/*!40000 ALTER TABLE `users` DISABLE KEYS */;
INSERT INTO `users` VALUES (1,'Providenci','Kirlin','mccullough.breana@example.org','(749)930-4851x31994','2014-12-08 05:19:01','2020-12-27 00:55:52'),(2,'Ian','Schultz','agleichner@example.org','01072595386','2018-02-14 07:08:06','2020-12-27 00:55:52'),(3,'Kiara','Gorczany','jordy.kunde@example.com','(396)884-7646x524','1992-10-04 05:28:28','2004-10-16 12:03:29'),(4,'Aileen','Rippin','sebert@example.org','(995)469-3086x38509','2011-08-09 07:38:32','2016-03-21 23:33:05'),(5,'Sophie','Jenkins','joanny43@example.net','1-169-778-7813','1990-04-18 21:08:35','2008-02-20 06:36:14'),(6,'Elaina','Waelchi','madison53@example.org','869.060.3991x1725','2015-09-29 05:06:21','2020-12-27 00:55:52'),(7,'Abdul','Windler','walker.keith@example.net','(279)811-8283','2006-06-03 01:17:48','2020-12-27 00:55:52'),(8,'Jadyn','DuBuque','collins.misty@example.net','(052)514-7069','1997-01-27 01:05:35','2014-11-30 06:21:50'),(9,'Zaria','Simonis','israel49@example.net','563-421-6368x14408','2010-09-25 11:09:45','2020-12-27 00:55:52'),(10,'Lina','Stamm','crystel.hayes@example.com','981-101-8723x226','2003-06-10 23:43:47','2016-06-21 18:07:46'),(11,'Dusty','Bogisich','breitenberg.kayley@example.org','269-108-3755','2003-02-02 10:33:28','2004-09-20 14:45:06'),(12,'Eleanora','Rogahn','alysa05@example.org','941.438.8048x72293','2011-08-29 15:08:22','2020-12-27 00:55:52'),(13,'Stan','Kuvalis','laverna52@example.org','1-993-931-2985','1977-03-29 13:08:25','2008-11-01 02:41:00'),(14,'Neil','Olson','bstehr@example.net','1-232-291-2811x220','1979-01-09 20:38:10','1994-12-07 01:45:02'),(15,'Dewayne','Reichert','amayert@example.org','1-029-118-5287x47777','2017-09-28 15:51:29','2020-12-27 00:55:52'),(16,'Pattie','Adams','river58@example.org','113.658.3457x700','2019-09-22 17:52:17','2020-12-27 00:55:52'),(17,'Bryce','Runolfsdottir','meagan12@example.net','(139)483-9727x897','1974-12-20 11:55:45','1978-05-23 23:58:11'),(18,'Lupe','Blick','champlin.theresa@example.com','216-252-0302','2016-08-24 09:52:13','2020-12-27 00:55:52'),(19,'Theodora','Hagenes','ukeebler@example.com','(038)878-8892x0967','2001-12-09 02:19:48','2020-12-27 00:55:52'),(20,'Kurtis','Kuhn','trycia.nader@example.com','(587)425-6930x90534','1998-05-24 08:04:38','2020-12-27 00:55:52'),(21,'Teagan','Heathcote','harmon.dare@example.net','(737)999-9939x478','2005-05-26 08:58:57','2020-12-27 00:55:52'),(22,'Antonetta','Gaylord','lstanton@example.net','(109)543-8678x65924','2018-12-28 11:55:42','2020-12-27 00:55:52'),(23,'Annalise','Lehner','langosh.leatha@example.net','(427)331-5924x0421','1997-07-01 21:13:50','2011-05-01 15:02:55'),(24,'Efren','Gerlach','von.jaylin@example.org','880-319-5575x98148','1984-03-04 02:35:18','2008-08-07 12:30:31'),(25,'Elyse','Medhurst','grady.yasmeen@example.com','624.980.5206x95769','2000-11-19 11:33:36','2008-12-27 05:51:54'),(26,'Zane','Beier','mueller.remington@example.com','753.303.3007','1994-06-13 21:00:31','2003-08-18 12:12:22'),(27,'Abe','Konopelski','mckenzie.eleazar@example.net','928.511.6558x0765','1982-01-23 15:45:21','2001-05-07 16:22:16'),(28,'Jacinto','Champlin','destin01@example.net','+64(9)0247973761','2017-03-20 20:58:58','2020-05-16 02:44:26'),(29,'Darrell','Lesch','dare.harley@example.com','695.949.6820','1985-11-24 06:09:51','2020-12-27 00:55:52'),(30,'Blaise','Wunsch','uveum@example.org','(757)287-9158x245','2014-08-24 12:26:37','2020-12-27 00:55:52'),(31,'Waldo','Beer','deontae.reynolds@example.org','1-150-940-6717x1736','1996-04-30 10:20:27','2013-07-08 09:40:47'),(32,'Kaylie','Schoen','parker.iva@example.com','(797)249-7341x556','1982-02-26 18:35:25','1997-12-25 12:31:01'),(33,'Fernando','Harvey','wsmith@example.com','1-727-990-0109','2010-08-05 22:32:58','2020-12-27 00:55:52'),(34,'Francisco','Mayer','baby82@example.net','1-259-807-8949x118','2009-01-23 17:30:19','2015-11-24 06:17:20'),(35,'Osvaldo','Wolff','bmacejkovic@example.net','1-548-723-0667x2494','2006-11-25 12:02:10','2020-12-27 00:55:52'),(36,'Natalia','Marvin','swift.hanna@example.com','1-210-603-7007','1978-05-17 04:56:46','2020-12-27 00:55:52'),(37,'Maegan','Bashirian','ahickle@example.com','1-488-481-6635x269','1982-09-21 16:47:25','2004-12-26 08:21:19'),(38,'Lambert','Champlin','marge.gibson@example.net','+50(2)5202737555','2013-06-03 09:34:40','2018-12-26 20:06:11'),(39,'Dandre','Marvin','elmer82@example.net','629-172-9714x9885','2005-03-26 07:00:39','2010-05-23 17:05:07'),(40,'Aidan','Wisozk','virgie41@example.com','05245947719','2002-08-28 09:08:23','2020-12-27 00:55:52'),(41,'Albertha','Gulgowski','boyer.aidan@example.com','097.364.6869x553','2016-04-07 02:20:24','2020-12-27 00:55:52'),(42,'Dawn','Smitham','marguerite.krajcik@example.com','+55(4)0254834520','1972-06-04 15:19:19','1977-08-14 16:39:49'),(43,'Okey','Volkman','witting.marielle@example.com','(184)758-6192x04780','2020-12-18 06:16:46','2020-12-27 00:55:52'),(44,'Antonette','Mueller','gloria.christiansen@example.net','+05(5)6250122174','2019-06-20 12:59:16','2020-12-27 00:55:52'),(45,'Wellington','Renner','lstamm@example.org','173-055-1632x8309','2016-03-11 04:33:04','2020-12-27 00:55:52'),(46,'Ayden','Mills','nicolas.damon@example.net','(296)062-6788x10770','1988-01-25 10:15:24','1990-09-25 22:56:16'),(47,'Jayce','Gottlieb','foster92@example.net','+09(4)3507749911','1974-02-15 10:18:00','2006-05-30 14:39:47'),(48,'Gretchen','Kerluke','jon09@example.net','426.848.6528x58217','1987-01-22 15:17:27','2020-12-27 00:55:52'),(49,'Rebecca','Batz','haag.chadrick@example.org','1-764-882-1211','2018-05-14 20:22:21','2020-12-27 00:55:52'),(50,'Oswald','Doyle','gutmann.price@example.net','+43(1)7471168304','2015-05-09 16:55:51','2020-12-27 00:55:52'),(51,'Raleigh','Walsh','lowe.annabelle@example.net','1-721-737-4588x9724','2018-02-01 06:31:22','2020-12-27 00:55:52'),(52,'Matteo','Watsica','lauriane.oberbrunner@example.com','364-645-2561x2343','2013-12-02 22:45:04','2019-09-20 21:48:10'),(53,'Bulah','Morissette','braxton37@example.com','328-146-1745','1988-03-31 05:29:12','2020-12-27 00:55:52'),(54,'Eulalia','Turner','hermann.conroy@example.org','05817198223','1992-06-14 17:07:07','2015-09-08 14:13:06'),(55,'Braden','Keebler','darlene.kilback@example.org','039.466.3724x378','1984-07-17 09:49:50','2020-12-27 00:55:52'),(56,'Lizzie','Daugherty','hmoen@example.org','+50(2)3700169770','1973-01-14 16:11:33','1984-09-30 01:02:00'),(57,'Chloe','Runolfsdottir','keanu19@example.com','846-790-0850x629','1985-09-16 02:06:13','2020-01-14 21:27:28'),(58,'Arch','Dicki','lkihn@example.com','1-358-739-0188','1970-01-21 20:51:41','2002-02-22 11:55:13'),(59,'Kamron','Bogan','jerde.tina@example.org','134.217.7120x50684','1982-10-19 11:42:14','1999-05-25 15:38:27'),(60,'Rosalee','Gleichner','effertz.leslie@example.com','528.313.5376x95110','2000-07-29 03:56:26','2020-12-27 00:55:52'),(61,'Marisol','Hammes','devyn66@example.net','1-582-318-5798x462','2018-01-28 21:00:45','2020-12-27 00:55:52'),(62,'Lauriane','Hammes','noel.emmerich@example.org','1-642-296-2482','2006-04-30 13:10:33','2020-12-27 00:55:52'),(63,'Allison','Bins','willie98@example.org','(274)148-9373','2010-11-18 13:05:21','2020-12-27 00:55:52'),(64,'Pattie','Hartmann','delia23@example.net','1-549-034-6855x0569','2006-06-16 08:57:23','2020-12-27 00:55:52'),(65,'Nikita','Welch','sgerlach@example.net','08529845337','2018-06-13 03:38:35','2020-12-27 00:55:52'),(66,'Eda','Hamill','queenie31@example.com','(311)448-0293','1987-07-04 04:14:44','2020-12-27 00:55:52'),(67,'Coby','Koelpin','howe.veronica@example.org','194.569.1257x75502','1980-12-11 19:44:37','1989-04-21 14:56:19'),(68,'Jett','Reilly','jada89@example.com','003.876.6232','1970-02-22 01:57:21','2003-12-24 03:06:28'),(69,'Marilie','Cummings','joseph69@example.com','1-326-927-3766x0123','1979-03-04 18:08:17','2006-09-06 19:16:27'),(70,'Larry','Schmitt','gcrist@example.net','(136)053-1366x98477','1992-08-16 07:29:06','2006-05-02 22:46:13'),(71,'Devante','Cormier','dewayne54@example.com','867.832.8280','1992-08-04 12:49:10','2020-12-27 00:55:52'),(72,'Jordyn','Ryan','dennis34@example.com','811.209.5730x1995','2016-04-21 16:06:42','2020-12-27 00:55:52'),(73,'Yazmin','Brown','citlalli.grant@example.org','+00(6)9031024765','1981-05-01 20:38:53','1989-05-17 00:29:32'),(74,'Stewart','Hane','tcollier@example.net','1-912-595-3686','1987-04-12 10:58:03','1993-08-16 09:53:01'),(75,'Jason','Erdman','ritchie.crystal@example.org','(510)695-6880x1716','2011-02-14 19:40:30','2020-12-27 00:55:52'),(76,'Amira','Welch','lenny04@example.com','(392)084-0968','2003-05-04 10:25:07','2020-12-27 00:55:52'),(77,'Vince','Bogan','dell.prosacco@example.com','539.988.7853x3155','1983-01-30 12:46:57','2015-06-04 00:24:05'),(78,'Sandy','Bailey','shyann68@example.com','303.050.1684x85097','1980-12-31 07:04:28','1987-06-09 19:54:57'),(79,'Cordie','Ryan','fritz.thompson@example.net','1-574-084-7870','2011-09-29 01:36:51','2020-12-27 00:55:52'),(80,'Elisa','Reilly','mortimer95@example.com','1-838-571-1479','1979-12-31 03:25:08','1981-06-30 23:31:25'),(81,'Ernesto','Sporer','rath.catherine@example.com','1-027-400-4136x3685','2007-06-03 18:12:30','2020-12-27 00:55:52'),(82,'Maybelle','Larkin','arvid90@example.com','+75(6)6757966231','1973-06-12 07:31:54','1983-09-01 05:44:55'),(83,'Marilou','Dare','leanna82@example.org','989.027.0602x2495','1976-11-09 08:33:25','1978-01-05 02:38:35'),(84,'Alycia','Nader','denesik.randall@example.org','(758)711-3376x0147','1970-11-13 17:57:06','1972-06-10 00:49:23'),(85,'Jaeden','Hayes','duncan54@example.com','363.619.8097x329','1976-02-20 21:56:42','2020-12-27 00:55:52'),(86,'Narciso','Reynolds','cynthia25@example.org','1-333-397-1850x781','2010-04-23 06:39:12','2015-10-03 18:55:17'),(87,'Sydni','Schmeler','jed.pagac@example.com','04279531080','1993-11-21 08:26:24','2001-05-13 15:26:12'),(88,'Georgette','Homenick','crenner@example.com','1-793-551-8170','2017-09-11 21:58:43','2020-12-27 00:55:52'),(89,'Allison','Hudson','moore.zula@example.com','(926)503-2387x614','2005-10-05 01:23:08','2020-12-27 00:55:52'),(90,'Adah','Grimes','xd\'amore@example.net','1-883-005-4633x4287','1983-10-15 01:04:39','2020-12-27 00:55:52'),(91,'Margaretta','Olson','nia.mckenzie@example.net','024.171.3058x913','2020-08-26 05:30:18','2020-11-04 16:13:36'),(92,'Beau','Hahn','schaden.ova@example.net','(249)427-9939x20111','2012-11-14 16:14:07','2020-12-27 00:55:52'),(93,'Alexander','Baumbach','micheal21@example.org','(127)277-4304','1984-02-28 19:03:41','2011-11-22 15:27:48'),(94,'Jayda','Okuneva','austin34@example.net','898-954-9232x8222','2013-05-20 17:14:27','2013-05-26 22:13:44'),(95,'Zoe','Bogisich','eula66@example.net','325.643.8665','1973-03-31 19:10:15','2002-03-12 22:42:03'),(96,'Miguel','Grady','batz.myriam@example.net','527-718-7638x257','2005-03-14 02:27:22','2020-12-27 00:55:52'),(97,'Jimmie','Keebler','kulas.clotilde@example.org','+44(4)6162381287','2006-12-10 11:16:40','2020-12-27 00:55:52'),(98,'Glenda','Nitzsche','odoyle@example.com','(672)904-1730','1994-11-05 14:16:18','2017-12-02 10:07:26'),(99,'Abe','Williamson','keith.doyle@example.org','1-541-796-4569','1974-01-29 21:40:20','1991-12-06 05:37:04'),(100,'Grant','Schmeler','kjacobi@example.net','1-774-216-4462x21297','2010-01-02 21:37:15','2018-05-21 09:58:45');
/*!40000 ALTER TABLE `users` ENABLE KEYS */;
UNLOCK TABLES;
/*!40103 SET TIME_ZONE=@OLD_TIME_ZONE */;

/*!40101 SET SQL_MODE=@OLD_SQL_MODE */;
/*!40014 SET FOREIGN_KEY_CHECKS=@OLD_FOREIGN_KEY_CHECKS */;
/*!40014 SET UNIQUE_CHECKS=@OLD_UNIQUE_CHECKS */;
/*!40101 SET CHARACTER_SET_CLIENT=@OLD_CHARACTER_SET_CLIENT */;
/*!40101 SET CHARACTER_SET_RESULTS=@OLD_CHARACTER_SET_RESULTS */;
/*!40101 SET COLLATION_CONNECTION=@OLD_COLLATION_CONNECTION */;
/*!40111 SET SQL_NOTES=@OLD_SQL_NOTES */;

-- Dump completed on 2020-12-27  1:46:59
